input_text;target_text;predicted_text
[अ. ९८1 तिथिकर्मगुणाध्यायः ।;[अ. ९८] तिथिकर्मगुणाध्यायः ।;[अ. ९८] तिथिकर्मगुणाध्यायः ।
१०३९पुरोहिताय वरण कुर्याद् यज्ञक्रिया तथा ।;१०३९ पुरोहिताय वरण कुर्याद् यज्ञक्रियां तथा ।;१०३९ पुरोहिताय वरण कुर्याद् यज्ञक्रिया तथा ।
बलि चैवोपहाराश्च पितरश्चात्र देवता ।;बलि चैवोपहाराश्च पितरश्चात्र देवता ।;बलि चैवोपहाराश्च पितरश्चात्र देवता ।
कल्याणी पौर्णमासी तु देवकर्माधिकारिणी ।;कल्याणी पौर्णमासी तु देवकर्माधिकारिणी ।;कल्याणी पौर्णमासी तु देवकर्माधिकारिणी ।
विप्रकार्येऽगइनकार्ये च गवा घोषे निवेशयेत् ।;विप्रकार्येऽगइनकार्ये च गवा घोषे निवेशयेत् ।;विप्रकार्येऽग्निकार्ये च गवा घोषे निवेशयेत् ।
राज्ञः पुरोहितं कुयीद् यज्ञानि विविधानि च ।;राज्ञः पुरोहितं कुयीद् यज्ञानि विविधानि च ।;राज्ञः पुरोहितं कुयीद् यज्ञानि विविधानि च ।
शुभ कर्म च कर्तव्य सोम विन्द्याच्च देवताम् ।;शुभ कर्म च कर्तव्य सोम विन्द्याच्च देवताम् ।;शुभ कर्म च कर्तव्य सोम विन्द्याच्च देवताम् ।
करणमुहूर्त्तेष्वपि तत् सिद्धिकर देवतासदृश कार्य सिद्धिकरम् ।;करणमुहूर्त्तेष्वपि तत् सिद्धिकर देवतासदृश कार्य सिद्धिकरम् ।;करणमुहूर्त्तेष्वपि तत् सिद्धिकर देवतासदृश कार्य सिद्धिकरम् ।
येन नक्षत्रेणयत् कार्यमभिहित तस्य नक्षत्रस्य या देवता सैव यस्य करणस्य तस्मिस्तत् कार्यम् ।;येन नक्षत्रेण यत् कार्यमभिहित तस्य नक्षत्रस्य या देवता सैव यस्य करणस्य तस्मिस्तत् कार्यम् ।;येन नक्षत्रेण यत् कार्यमभिहित तस्य नक्षत्रस्य या देवता सैव यस्य करणस्य तस्मिस्तत् कार्यम् ।
यथा ज्येष्ठाया यत् कार्यमभिहित तनुवेऽपि कर्तव्यम् ।;यथा ज्येष्ठाया यत् कार्यमभिहित तनुवेऽपि कर्तव्यम् ।;यथा ज्येष्ठाया यत् कार्यमभिहित तनुवेऽपि कर्तव्यम् ।
यतस्तस्य देवता शक्र ।;यतस्तस्य देवता शक्र ।;यतस्तस्य देवता शक्र ।
एवरोहिण्यां वालवस्य ।;एव रोहिण्यां वालवस्य ।;एव रोहिण्यां वालवस्य ।
अनुराधाया कौलवस्य ।;अनुराधाया कौलवस्य ।;अनुराधाया कौलवस्य ।
उत्तरफल्गुन्या तैतिलस्य ।;उत्तरफल्गुन्या तैतिलस्य ।;उत्तरफल्गुन्या तैतिलस्य ।
श्रवणे वणिज ।;श्रवणे वणिज ।;श्रवणे वणिज ।
विप्टेर्भरण्याम् ।;विप्टेर्भरण्याम् ।;विप्टेर्भरण्याम् ।
श्लेषाया शकुने ।;श्लेषाया शकुने ।;श्लेषाया शकुने ।
रोहिण्या चतुष्पदस्य ।;रोहिण्या चतुष्पदस्य ।;रोहिण्या चतुष्पदस्य ।
नागस्य पुनराश्लेषायाम् ।;नागस्य पुनराश्लेषायाम् ।;नागस्य पुनराश्लेषायाम् ।
स्वातौ किस्तुधूनस्येति ।;स्वातौ किस्तुधूनस्येति ।;स्वातौ किस्तुधूनस्येति ।
तथा च पराशर -''शकुनौ शकुनिग्रहणप्रहरणभृत्ययोद्धूयू_द्धोपकरणक्रिया सर्वमुग्र कुर्यात् ।;तथा च पराशर - ''शकुनौ शकुनिग्रहणप्रहरणभृत्ययोद्धूयू_द्धोपकरणक्रिया सर्वमुग्र कुर्यात् ।;तथा च पराशरः - ''शकुनौ शकुनिग्रहणप्रहरणभृत्ययोद्धूयू_द्धोपकरणक्रिया सर्वमुग्रं कुर्यात् ।
चतुष्पदे नृपतिविजयाभिषेकपितृदेवधर्मक्रियाचतुप्पददानानि ।;चतुष्पदे नृपतिविजयाभिषेकपितृदेवधर्मक्रियाचतुप्पददानानि ।;चतुष्पदे नृपतिविजयाभिषेकपितृदेवधर्मक्रियाचतुप्पददानानि ।
नागे सलिलो-पकरणावेशनप्रवेशागदगदौषधधारणानि ।;नागे सलिलो- पकरणावेशनप्रवेशागदगदौषधधारणानि ।;नागे सलिलो- पकरणावेशनप्रवेशागदगदौषधधारणानि ।
किस्तुघ्ने सु_रगुरुतीर्थवतदीक्षाभिग-मनस्नपनानि ।;किस्तुघ्ने सु_रगुरुतीर्थवतदीक्षाभिग- मनस्नपनानि ।;किस्तुघ्ने सु_रगुरुतीर्थवतदीक्षाभिग- मनस्नपनानि ।
ववे मणिकनकरजतालङ्कारवास्तुक्रियाभिप्रयाणासवकुसुम-गन्धाधिकाराणि ।;ववे मणिकनकरजतालङ्कारवास्तुक्रियाभिप्रयाणासवकुसुम-गन्धाधिकाराणि ।;ववे मणिकनकरजतालङ्कारवास्तुक्रियाभिप्रयाणासवकुसुम- गन्धाधिकाराणि ।
वालवे व्रतोपवासनियमसत्रयज्ञद्विजगुरुसेवनानि ।;वालवे व्रतोपवासनियमसत्रयज्ञद्विजगुरुसेवनानि ।;वालवे व्रतोपवासनियमसत्रयज्ञद्विजगुरुसेवनानि ।
कौलवेपुरक्षेत्रलेख्यगन्धगान्धर्वपितृदेवधर्मक्रिया ।;एवश्लेषायाभुजगे ।;कौलवे पुरक्षेत्रलेख्यगन्धगान्धर्वपितृदेवधर्मक्रिया ।
तैतिले निष्कर्मसाहसद्य्_तयुद्धाभिषेक-मङ्गलव्रतदीक्षागृहप्रवेशा ।;तैतिले निष्कर्मसाहसद्य्_तयुद्धाभिषेक- मङ्गलव्रतदीक्षागृहप्रवेशा ।;तैतिले निष्कर्मसाहसद्य्_तयुद्धाभिषेक- मङ्गलव्रतदीक्षागृहप्रवेशा ।
गरे दारूद्यानवनाधिकारिकोपभोगा वैवाहिकादि-करणानि ।;गरे दारूद्यानवनाधिकारिकोपभोगा वैवाहिकादि- करणानि ।;गरे दारूद्यानवनाधिकारिकोपभोगा वैवाहिकादि- करणानि ।
वणिजि वणिक्प्रयोगाध्ययनशिल्पसवन्धार्थाभिवादावनवलिकर्म-विधिभिर्यद्यथारभ्यते क्रिया काचित् ।;वणिजि वणिक्प्रयोगाध्ययनशिल्पसवन्धार्थाभिवादावनवलिकर्म- विधिभिर्यद्यथारभ्यते क्रिया काचित् ।;वणिजि वणिक्प्रयोगाध्ययनशिल्पसवन्धार्थाभिवादावनवलिकर्म- विधिभिर्यद्यथारभ्यते क्रिया काचित् ।
विष्ट्या न किमपि समृद्धिमेति बीजमिवयथोषरप्राप्तम् इति ।;विष्ट्या न किमपि समृद्धिमेति बीजमिव यथोषरप्राप्तम् इति ।;विष्ट्या न किमपि समृद्धिमेति बीजमिवयथोपरप्राप्तम् इति ।
एव मुहूर्तेष्वित्यपि ।;एव मुहूर्तेष्वित्यपि ।;एव मुहूर्तेष्वित्यपि ।
यस्मिन् नक्षत्रे यत् कार्यमुक्त तस्य नक्षत्रस्य या देवतातस्या यो मुहूर्तस्तस्मिस्तदेव कार्य कर्तव्यम् ।;यस्मिन् नक्षत्रे यत् कार्यमुक्त तस्य नक्षत्रस्य या देवता तस्या यो मुहूर्तस्तस्मिस्तदेव कार्य कर्तव्यम् ।;यस्मिन् नक्षत्रे यत् कार्यमुक्त तस्य नक्षत्रस्य या देवतातस्या यो मुहूर्तस्तस्मिस्तदेव कार्य कर्तव्यम् ।
यथाऽऽर्द्राया यत् कार्य क्रियते तच्छिवेमुहूर्तेऽपि कार्यम् ।;यथाऽऽर्द्राया यत् कार्य क्रियते तच्छिवे मुहूर्तेऽपि कार्यम् ।;यथाऽऽर्द्राया यत् कार्यं क्रियते तच्छिवे मुहूर्तेऽपि कार्यम् ।
यतस्तयोरेका देवतारुद्र ।;यतस्तयोरेका देवतारुद्र ।;यतस्तयोरेका देवतारुद्र ।
एवश्लेषायाभुजगे ।;एवश्लेषायाभुजगे ।;एवश्लेषायाभुजगे ।
अनुराधायामित्रे ।;अनुराधायामित्रे ।;अनुराधायामित्रे ।
मघाया पितरि ।;मघाया पितरि ।;मघाया पितरि ।
धतिष्ठाया वसौ ।;धतिष्ठाया वसौ ।;धतिष्ठाया वसौ ।
पूर्वाषाढाया जले ।;पूर्वाषाढाया जले ।;पूर्वाषाढाया जले ।
उत्तराषाढाया विश्वे ।;उत्तराषाढाया विश्वे ।;उत्तराषाढाया विश्वे ।
अभिजिति विरञ्चौ ।;अभिजिति विरञ्चौ ।;अभिजिति विरञ्चौ ।
रोहिण्या पङ्कजप्रभवे ।;रोहिण्या पङ्कजप्रभवे ।;रोहिण्या पङ्कजप्रभवे ।
विशाखायामैन्द्राग्नौ ।;विशाखायामैन्द्राग्नौ ।;विशाखायामैन्द्राग्नौ ।
मूले नैऋर्ते ।;मूले नैऋर्ते ।;मूले नैऋर्ते ।
शतभिषजिवारुणे ।;शतभिषजिवारुणे ।;शतभिषजिवारुणे ।
उत्तरफल्गुन्यामर्यम्णि ।;उत्तरफल्गुन्यामर्यम्णि ।;उत्तरफल्गुन्यामर्यम्णि ।
पूर्वफल्गुन्याभाग्ये ।;पूर्वफल्गुन्याभाग्ये ।;पूर्वफल्गुन्याभाग्ये ।
पूर्वभद्रपदायामजैक-पादे ।;विशाखायामैन्द्राग्नौ ।;पूर्वभद्रपदायामजैक- पादे ।
उत्तरभद्रपदायामहिर्बुध्न्ये ।;उत्तरभद्रपदायामहिर्बुध्न्ये ।;उत्तरभद्रपदायामहिर्बुध्न्ये ।
रेवत्या पूषणि ।;रेवत्या पूषणि ।;रेवत्या पूषणि ।
अश्विन्या दस्थे ।;अश्विन्या दस्थे ।;अश्विन्या दस्थे ।
भरण्यामन्तके ।;भरण्यामन्तके ।;भरण्यामन्तके ।
कृत्तिकायामाग्नेये ।;कृत्तिकायामाग्नेये ।;कृत्तिकायामाग्नेये ।
मृगशिरसीन्दौ ।;मृगशिरसीन्दौ ।;मृगशिरसीन्दौ ।
पुनर्वसौ अदितौ ।;पुनर्वसौ अदितौ ।;पुनर्वसौ अदितौ ।
पुष्ये गुरौ ।;पुष्ये गुरौ ।;पुष्ये गुरौ ।
श्रवणे हरौ ।;श्रवणे हरौ ।;श्रवणे हरौ ।
हस्तेरवौ ।;उत्तरभद्रपदायामहिर्बुध्न्ये ।;हस्तेरवौ ।
चित्राया त्वष्टरि ।;चित्राया त्वष्टरि ।;चित्राया त्वष्टरि ।
स्वातावनिलाख्ये ।;स्वातावनिलाख्ये ।;स्वातावनिलाख्ये ।
﻿९७८ सविमृतिवृहत्सहिताशम् ९ंअ?९४आंअन्यदप्याह--सव्येन खे भ्रमद्भिः स्वभयं विपरीतमण्डलैश्च परात् ।;९७८ सविवृतिबृहत्संहितायाम् [अ.९४] अन्यदप्याह-- सव्येन खे भ्रमद्भिः स्वभयं विपरीतमण्डलैश्च परात् ।;९७८ सविमृतिवृहत्सहिताशम् ९ंअ९४आंअन्यदप्याह-- सव्येन खे भ्रमद्भिः स्वभयं विपरीतमण्डलैश्च परात् ।
अत्याकुलं भ्रमी र्यातोद्भामो भवति काकैः ।;अत्याकुलं भ्रमी र्यातोद्भामो भवति काकैः ।;अत्याकुलं भ्रमी र्यातोद्भामो भवति काकैः ।
सव्येनप्रादक्षिण्येनखे आकाशे भ्रमद्भि काकैर्वायसै पूर्वदक्षिणपश्चिमोत्तराइत्यनेन क्रमेण भ्रमद्भिः स्वेभ्य आत्मीयेभ्यो भय भवति ।;सव्येनप्रादक्षिण्येनखे आकाशे भ्रमद्भि काकैर्वायसै पूर्वदक्षिणपश्चिमोत्तरा इत्यनेन क्रमेण भ्रमद्भिः स्वेभ्य आत्मीयेभ्यो भय भवति ।;सव्येन प्रादक्षिण्येनखे आकाशे भ्रमद्भि काकैर्वायसै पूर्वदक्षिणपश्चिमोत्तराइत्यनेन क्रमेण भ्रमद्भिः स्वेभ्य आत्मीयेभ्यो भय भवति ।
विपरीतमण्डलै पूर्वोतर-पश्चिमदक्षिणा इत्यनेन क्रमेण भ्समद्भि. पराच्छत्रोर्भय भवति ।;विपरीतमण्डलै पूर्वोतरपश्चिमदक्षिणा इत्यनेन क्रमेण भ्समद्भि. पराच्छत्रोर्भय भवति।;विपरीतमण्डलै पूर्वोतर- पश्चिमदक्षिणा इत्यनेन क्रमेण भ्समद्भि. पराच्छत्रोर्भय भवति ।
अत्याकुलं सोद्यमंभमद्भि काकैर्वातोद्भ्रामो भवत्यनवस्थितिरित्यर्थ ।;अत्याकुलं सोद्यमं भमद्भि काकैर्वातोद्भ्रामो भवत्यनवस्थितिरित्यर्थ ।;अत्याकुलं सोद्यमंभमद्भि काकैर्वातोद्भ्रामो भवत्यनवस्थितिरित्यर्थ ।
उक्त च-पुरसैन्योपरि व्योम्नि व्याकुलैरनिलाद्भयम् ।;उक्त च---- पुरसैन्योपरि व्योम्नि व्याकुलैरनिलाद्भयम् ।;उक्त च- पुरसैन्योपरि व्योम्नि व्याकुलैरनिलाद्भयम् ।
सव्यमण्डलगै स्वोत्थमपसव्यै पराह यम् ।;सव्यमण्डलगै स्वोत्थमपसव्यै पराह यम् ।;सव्यमण्डलगै स्वोत्थमपसव्यै पराह यम् ।
अन्यदप्याह--ऊर्ध्वमुखाश्चलपक्षाः पथिभयदाः क्षुद्भयाय धान्यमुषः ।;अन्यदप्याह-- ऊर्ध्वमुखाश्चलपक्षाः पथिभयदाः क्षुद्भयाय धान्यमुषः ।;अन्यदप्याह— ऊर्ध्वमुखाश्चलपक्षाः पथिभयदाः क्षुद्भयाय धान्यमुषः ।
सेनाङ्गस्था युद्धं परिमोषं चान्यभृतपक्षाः ।;सेनाङ्गस्था युद्धं परिमोषं चान्यभृतपक्षाः ।;सेनाङ्गस्था युद्धं परिमोषं चान्यभृतपक्षाः ।
ऊर्ध्वामुखा ऊर्ध्ववदना ।;ऊर्ध्वामुखा ऊर्ध्ववदना ।;ऊर्ध्वामुखा ऊर्ध्ववदना ।
चलपक्षा चलिताङ्गरुहा ।;चलपक्षा चलिताङ्गरुहा ।;चलपक्षा चलिताङ्गरुहा ।
पथि भयदा, अध्वनिभय ददति ।;पथि भयदा, अध्वनि भय ददति ।;पथि भयदा, अध्वनिभय ददति ।
धान्यमुषो धान्य चोरयन्त क्षुखद्रयाय दुर्भिक्षाय भवन्ति ।;धान्यमुषो धान्य चोरयन्त क्षुखद्रयाय दुर्भिक्षाय भवन्ति ।;धान्यमुषो धान्य चोरयन्त क्षुखद्रयाय दुर्भिक्षाय भवन्ति ।
सेनाङ्गानि????? तेषु स्थिता युद्ध सग्राम स्चयचित ।;सेनाङ्गानि पर्याणखलीनप्रभृतीनि तेषु स्थिता युद्ध सग्राम स्चयचित ।;सेनाङ्गानि तेषु स्थिता युद्ध संग्राम स्चयचित ।
अन्यभृत कोकिल ।;अन्यभृत कोकिल ।;अन्यभृत कोकिल ।
पयअन्यभृतस्येव पक्षा येषामतिकृष्णपक्षास्ते परिमोष चौरभय कुर्वन्ति ।;पय अन्यभृतस्येव पक्षा येषामतिकृष्णपक्षास्ते परिमोष चौरभय कुर्वन्ति ।;पयअन्यभृतस्येव पक्षा येषामतिकृष्णपक्षास्ते परिमोष चौरभय कुर्वन्ति ।
उक्तं च--युद्ध सेनाङ्गसस्येषु मोषकृत् स्वविलेखने ।;उक्तं च-- युद्ध सेनाङ्गसस्येषु मोषकृत् स्वविलेखने ।;उक्तं च-- युद्ध सेनाङ्गसस्येषु मोषकृत् स्वविलेखने ।
चरन्निशि विनाशाय दुर्भिक्ष चान्नमोषकृत् ।;चरन्निशि विनाशाय दुर्भिक्ष चान्नमोषकृत् ।;चरन्निशि विनाशाय दुर्भिक्ष चान्नमोषकृत् ।
अन्यदप्याह--भस्मास्थिकेशपत्राणि विन्यसन् पतिवधाय शय्यायाम् ।;अन्यदप्याह-- भस्मास्थिकेशपत्राणि विन्यसन् पतिवधाय शय्यायाम् ।;अन्यदप्याह-- भस्मास्थिकेशपत्राणि विन्यसन् पतिवधाय शय्यायाम् ।
मणिकुसुमाद्यवहनने सुतस्य जन्माप्यथाङ्गनायाश्च ।;मणिकुसुमाद्यवहनने सुतस्य जन्माप्यथाङ्गनायाश्च ।;मणिकुसुमाद्यवहनने सुतस्य जन्माप्यथाङ्गनायाश्च ।
शय्यायामास्तरणे ।;शय्यायामास्तरणे ।;शय्यायामास्तरणे ।
केशा मूर्धजा ।;केशा मूर्धजा ।;केशा मूर्धजा ।
पत्रं पर्णम् ।;पत्रं पर्णम् ।;पत्रं पर्णम् ।
एतानिविन्यसन् विक्षिपन् पतिवधाय भवन्ति ।;एतानि विन्यसन् विक्षिपन् पतिवधाय भवन्ति ।;एतानि विन्यसन् विक्षिपन् पतिवधाय भवन्ति ।
शय्याया य पति स्वामी तस्य ।;शय्याया य पति स्वामी तस्य ।;शय्याया य पति स्वामी तस्य ।
उस्तं च-तृणभस्मास्थिकेशाश्च शयने स्वामिमृत्युदा ।;उक्तं च- तृणभस्मास्थिकेशाश्च शयने स्वामिमृत्युदा ।;उस्तं च- तृणभस्मास्थिकेशाश्च शयने स्वामिमृत्युदा ।
मणिकुसुमाद्यवहनन इति ।;मणिकुसुमाद्यवहनन इति ।;मणिकुसुमाद्यवहनन इति ।
मणिना रत्नेन ।;मणिना रत्नेन ।;मणिना रत्नेन ।
कुसुमेन पुष्पेण ।;कुसुमेन पुष्पेण ।;कुसुमेन पुष्पेण ।
यदि शय्यायामवहननं ताडन करोति, तदा सुतस्य पुत्रस्य जन्म भवति ।;यदि शय्यायामवहननं ताडन करोति, तदा सुतस्य पुत्रस्य जन्म भवति ।;यदि शय्यायामवहननं ताडन करोति, तदा सुतस्य पुत्रस्य जन्म भवति ।
﻿१०३२ सविमृतिधृथ्संहितायाम५ [ अ. ९७]तारा यदि शुभाऽनुकूला सम्पत्क्षेमसाधकमैत्राणामन्यतमा भवति ।;१०३२ सविवृतिबृहत्संहितायाम् [ अ. ९७] तारा यदि शुभाऽनुकूला सम्पत्क्षेमसाधकमैत्राणामन्यतमा भवति ।;१०३२ सविमृतिबृहत्संहितायाम् [ अ. ९७] तारा यदि शुभाऽनुकूला सम्पत्क्षेमसाधकमैत्राणामन्यतमा भवति ।
एतदुक्तंभवति--यदि चन्द्रानुकूल्य तारानुकूल्य च भवति तदेति ।;एतदुक्तं भवति--यदि चन्द्रानुकूल्य तारानुकूल्य च भवति तदेति ।;एतदुक्तं भवति--यदि चन्द्रानुकूल्य तारानुकूल्य च भवति तदेति ।
अथ क्षुरकर्मणि परिशेषार्थमाह-न स्नातमात्रगमनोन्मुखभूषिताना-मभ्यक्तभुक्तरणकालनिरासनानाम् द्वसन्ध्यानिशाशनिकुजार्कतिथौ च रिक्तेक्षौरं हितं 'न नवमेऽह्नि न चापि विष्ट्याम् ।;अथ क्षुरकर्मणि परिशेषार्थमाह- न स्नातमात्रगमनोन्मुखभूषिताना- मभ्यक्तभुक्तरणकालनिरासनानाम् द्व सन्ध्यानिशाशनिकुजार्कतिथौ च रिक्ते क्षौरं हितं 'न नवमेऽह्नि न चापि विष्ट्याम् ।;अथ क्षुरकर्मणि परिशेषार्थमाह- न स्नातमात्रगमनोन्मुखभूषिताना- मभ्यक्तभुक्तरणकालनिरासनानाम् द्वसन्ध्यानिशाशनिकुजार्कतिथौ च रिक्ते क्षौरं हितं 'न नवमेऽह्नि न चापि विष्ट्याम् ।
स्नातमात्रस्य कृतस्नानस्य क्षौरं न हित न शस्तम् ।;स्नातमात्रस्य कृतस्नानस्य क्षौरं न हित न शस्तम् ।;स्नातमात्रस्य कृतस्नानस्य क्षौरं न हि न शस्तम् ।
गमनोन्मुखस्य गन्तुप्रवृत्तस्य क्षौर न हितम् ।;गमनोन्मुखस्य गन्तु प्रवृत्तस्य क्षौर न हितम् ।;गमनोन्मुखस्य गन्तुप्रवृत्तस्य क्षौर न हितम् ।
तथा भूषितस्यालङ्कहतस्य ।;तथा भूषितस्यालङ्कहतस्य ।;तथा भूषितस्यालङ्कहतस्य ।
अभ्यस्तस्य तैलादिना कृता-भ्यङ्गस्य ।;अभ्यस्तस्य तैलादिना कृता- भ्यङ्गस्य ।;अभ्यस्तस्य तैलादिना कृता- भ्यङ्गस्य ।
भुक्तस्य कृताहारस्य ।;भुक्तस्य कृताहारस्य ।;भुक्तस्य कृताहारस्य ।
रणकाले सडाग्रामसमये ।;रणकाले सडाग्रामसमये ।;रणकाले सडाग्रामसमये ।
निरासनस्य आसन-रहितस्य ।;निरासनस्य आसन-रहितस्य ।;निरासनस्य आसन- रहितस्य ।
एतेषा क्षौर न हित न शोभनम् ।;एतेषा क्षौर न हित न शोभनम् ।;एतेषा क्षौर न हित न शोभनम् ।
तथा सन्ध्याकाले सन्ध्यासमये ।;तथा सन्ध्याकाले सन्ध्यासमये ।;तथा सन्ध्याकाले सन्ध्यासमये ।
सन्ध्यालक्षण प्रागेवोक्तम्-अर्धास्तमितानुदितात् सूर्यादस्पष्टभ नभो यावत् ।;सन्ध्यालक्षण प्रागेवोक्तम्- अर्धास्तमितानुदितात् सूर्यादस्पष्टभ नभो यावत् ।;सन्ध्यालक्षण प्रागेवोक्तम्- अर्धास्तमितानुदितात् सूर्यादस्पष्टभ नभो यावत् ।
तावत् सन्ध्याकाल ।;तावत् सन्ध्याकाल ।;तावत् सन्ध्याकाल ।
निशाया रात्रौ ।;निशाया रात्रौ ।;निशाया रात्रौ ।
शनिकुजार्कवारे--शनिवारे शनैश्चरवारे, कुजवारेभौमवारे, अर्कवारे आदित्यवारे च ।;शनिकुजार्कवारे--शनिवारे शनैश्चरवारे, कुजवारे भौमवारे, अर्कवारे आदित्यवारे च ।;शनिकुजार्कवारे--शनिवारे शनैश्चरवारे, कुजवारे भौमवारे, अर्कवारे आदित्यवारे च ।
केचिदप्यर्कवारे नेच्छन्ति ।;केचिदप्यर्कवारे नेच्छन्ति ।;केचिदप्यर्कवारे नेच्छन्ति ।
तिथौ च रिक्ते,चतुर्थी नवमी चतुर्दशी चेति रिक्ता तिथि ।;तिथौ च रिक्ते, चतुर्थी नवमी चतुर्दशी चेति रिक्ता तिथि ।;तिथौ च रिक्ते, चतुर्थी नवमी चतुर्दशी चेति रिक्ता तिथि ।
तस्या क्षौर न हितम् ।;तस्या क्षौर न हितम् ।;तस्या क्षौर न हितम् ।
नवमेऽह्नि नवमेदिवसे न कार्यम् ।;नवमेऽह्नि नवमे दिवसे न कार्यम् ।;नवमेऽह्नि नवमेदिवसे न कार्यम् ।
विष्ट्या करणे क्षरि हित व- ।;विष्ट्या करणे क्षरि हित व- ।;विष्ट्या करणे क्षरि हित व- ।
नवमेऽह्नि न चापि विष्टामित्यत्रकेचिदन्यथा व्याख्यान कुर्वन्ति ।;नवमेऽह्नि न चापि विष्टामित्यत्र केचिदन्यथा व्याख्यान कुर्वन्ति ।;नवमेऽह्नि न चापि विष्टामित्यत्र केचिदन्यथा व्याख्यान कुर्वन्ति ।
नवमदिवसग्रहणमत्यन्तनिषेधार्थम् ।;नवमदिवसग्रहणमत्यन्तनिषेधार्थम् ।;नवमदिवसग्रहणमत्यन्तनिषेधार्थम् ।
चतुर्थ्याचतुर्दश्यामपि कार्यातिपत्तौ कर्तव्य क्षुरम, न नवम्याम् ।;चतुर्थ्या चतुर्दश्यामपि कार्यातिपत्तौ कर्तव्य क्षुरम, न नवम्याम् ।;चतुर्थ्याचतुर्दश्यामपि कार्यातिपत्तौ कर्तव्य क्षुरम, न नवम्याम् ।
तथा च-न नवम्यङ्गारक-वर्जमिति लोकवचन प्रदर्शयन्ति ।;तथा च-न नवम्यङ्गारक- वर्जमिति लोकवचन प्रदर्शयन्ति ।;तथा च-न नवम्यङ्गारक-वर्जमिति लोकवचन प्रदर्शयन्ति ।
एतेन तिथौ च रिस्ते इत्यनेनैव गतार्थत्वाद्व्यासमहर्षिणा चतुर्थ्याद्या निषिद्धा, नवमी सामान्यनिषेधेनापि न निषिद्धा ।;एतेन तिथौ च रिस्ते इत्यनेनैव गतार्थत्वाद् व्यासमहर्षिणा चतुर्थ्याद्या निषिद्धा, नवमी सामान्यनिषेधेनापि न निषिद्धा ।;एतेन तिथौ च रिस्ते इत्यनेनैव गतार्थत्वाद्व्यासमहर्षिणा चतुर्थ्याद्या निषिद्धा, नवमी सामान्यनिषेधेनापि न निषिद्धा ।
तथाचाह--चतुर्थी चैव षष्ठी च अष्टमी च चतुर्दशीम्ण्डूल।;तथा चाह-- चतुर्थी चैव षष्ठी च अष्टमी च चतुर्दशीम्ण्डूल।;तथाचाह-- चतुर्थी चैव षष्ठी च अष्टमी च चतुर्दशीम्ण्डूल।
तथा पञ्चदशी चैव ब्रह्मचारी भवेत् सदा ।;तथा पञ्चदशी चैव ब्रह्मचारी भवेत् सदा ।;तथा पञ्चदशी चैव ब्रह्मचारी भवेत् सदा ।
श्मश्रुकर्मशिरोऽभ्यङ्गमञ्जन दन्तधावनम् ।;श्मश्रुकर्मशिरोऽभ्यङ्गमञ्जन दन्तधावनम् ।;श्मश्रुकर्मशिरोऽभ्यङ्गमञ्जन दन्तधावनम् ।
पर्वस्वेतानि य कुर्याल्लक्ष्मीस्तत्र त तिष्ठति ।;पर्वस्वेतानि य कुर्याल्लक्ष्मीस्तत्र त तिष्ठति ।;पर्वस्वेतानि य कुर्याल्लक्ष्मीस्तत्र त तिष्ठति ।
१. न च नवेऽह्नि न चापि विष्टयामीति पाठान्तरम् ।;१. न च नवेऽह्नि न चापि विष्टयामीति पाठान्तरम् ।;१. न च नवेऽह्नि न चापि विष्टयामीति पाठान्तरम् ।
२. द्रष्टष्योऽस्य ग्रन्धस्य ३८२ पृष्ठे १ श्लोकः ।;२. द्रष्टष्योऽस्य ग्रन्धस्य ३८२ पृष्ठे १ श्लोकः ।;२. द्रष्टष्योऽस्य ग्रन्धस्य ३८२ पृष्ठे १ श्लोकः ।
﻿०ए९?८९०ं शिवाश्चाध्यायः ।;[अ.८९] शिवारुताध्यायः ।;०ए९८९०ं शिवाश्चाध्यायः ।
९५९अन्यदयाह-अन्यप्रतिरुता याम्या सोद्बन्धमृतशंसिनी ।;९५९ अन्यदयाह- अन्यप्रतिरुता याम्या सोद्बन्धमृतशंसिनी ।;९५९ अन्यदयाह-अन्यप्रतिरुता याम्या सोद्बन्धमृतशंसिनी ।
वारुण्यनुरुता सैव शंसते सलिले मृतम् ।;वारुण्यनुरुता सैव शंसते सलिले मृतम् ।;वारुण्यनुरुता सैव शंसते सलिले मृतम् ।
याम्या दक्षिणदिग्भागस्थाऽन्यप्रतिरुताप्रयया परया शिवया सैव कृतशब्दासा शिवोद्बन्धमृतशसिनीऊ उद्बन्धनेन मृत शसति कथयति ।;याम्या दक्षिणदिग्भागस्थाऽन्यप्रतिरुताप्रयया परया शिवया सैव कृतशब्दा सा शिवोद्बन्धमृतशसिनीऊ उद्बन्धनेन मृत शसति कथयति ।;याम्या दक्षिणदिग्भागस्थाऽन्यप्रतिरुताप्रयया परया शिवया सैव कृतशब्दासा शिवोद्बन्धमृतशसिनीऊ उद्बन्धनेन मृत शसति कथयति ।
मैव खिवा वारुणीपश्चिमदिक्त्याऽन्ययाऽनुरुता सलिले जले मृतं कध्वादिकं शंसते कथयति ।;मैव खिवा वारुणी पश्चिमदिक्त्याऽन्ययाऽनुरुता सलिले जले मृतं कध्वादिकं शंसते कथयति ।;मैव खिवा वारुणीपश्चिमदिक्त्याऽन्ययाऽनुरुता सलिले जले मृतं कध्वादिकं शंसते कथयति ।
अस्या. शब्दवशेनफलमाह--अक्षोभः श्रवणं चेष्टं धनप्राप्तिः प्रियागमः ।;अस्या. शब्दवशेनफलमाह-- अक्षोभः श्रवणं चेष्टं धनप्राप्तिः प्रियागमः ।;अस्याः शब्दवशेन फलमाह-- अक्षोभः श्रवणं चेष्टं धनप्राप्तिः प्रियागमः ।
क्षोभः प्रधानभेदश्च वाहनानां च सम्पदः ।;क्षोभः प्रधानभेदश्च वाहनानां च सम्पदः ।;क्षोभः प्रधानभेदश्च वाहनानां च सम्पदः ।
फलमासप्तमादेतदग्राह्यं परतो रुतम् ।;फलमासप्तमादेतदग्राह्यं परतो रुतम् ।;फलमासप्तमादेतदग्राह्यं परतो रुतम् ।
याम्यायां तद्विपर्यस्तं फलं षट्पञ्चमादृते ।;याम्यायां तद्विपर्यस्तं फलं षट्पञ्चमादृते ।;याम्यायां तद्विपर्यस्तं फलं षट्पञ्चमादृते ।
अक्षोभ इति ।;अक्षोभ इति ।;अक्षोभ इति ।
सा शिवा एक वारमुक्त्वा यदि त्ष्णी करोति तस्मिन् देशेअक्षोभोऽनाकुलता भवति।;सा शिवा एक वारमुक्त्वा यदि त्ष्णी करोति तस्मिन् देशे अक्षोभोऽनाकुलता भवति।;सा शिवा एक वारमुक्त्वा यदि त्ष्णी करोति तस्मिन् देशे अक्षोभोऽनाकुलता भवति।
द्वितीये एवमुक्त्वा यदि तृष्णी करोति, तदा श्रवणचष्टेमिष्टस्याभिप्रेतस्य श्रवणमाकर्णनम् ।;द्वितीये एवमुक्त्वा यदि तृष्णी करोति, तदा श्रवण चष्टेमिष्टस्याभिप्रेतस्य श्रवणमाकर्णनम् ।;द्वितीये एवमुक्त्वा यदि तृष्णी करोति, तदा श्रवणचष्टेमिष्टस्याभिप्रेतस्य श्रवणमाकर्णनम् ।
एव तृतीये रावे धनप्राप्तिरर्थलाभ ।;एव तृतीये रावे धनप्राप्तिरर्थलाभ ।;एव तृतीये रावे धनप्राप्तिरर्थलाभः ।
चतुर्थे प्रियस्य वल्लभस्याराम ।;चतुर्थे प्रियस्य वल्लभस्याराम ।;चतुर्थे प्रियस्य वल्लभस्याराम ।
क्वचमे क्षोभ आकुलता ।;क्वचमे क्षोभ आकुलता ।;क्वचमे क्षोभ आकुलता ।
षष्ठे प्रधानभेद ।;षष्ठे प्रधानभेद ।;षष्ठे प्रधानभेद ।
प्रधानानाराजपुरुषाणा परस्पर भेदो भवति।;प्रधानाना राजपुरुषाणा परस्पर भेदो भवति।;प्रधानाना राजपुरुषाणा परस्पर भेदो भवति।
सप्तमे वाहनानामश्वादीना चसम्पदो भवघ्नइत ।;सप्तमे वाहनानामश्वादीना चसम्पदो भवघ्नइत ।;सप्तमे वाहनानामश्वादीना चसम्पदो भवघ्नइत ।
सम्पदां वृद्धय. ।;सम्पदां वृद्धय. ।;सम्पदां वृद्धय. ।
फलमासप्तमादिति ।;फलमासप्तमादिति ।;फलमासप्तमादिति ।
यदेतत् प्रागुस्त शिवारुते फल तदासप्तमाद्रावात्परतो यदि विरौति, तदा तद्रुतमग्राह्य निष्फलत्वात् ।;यदेतत् प्रागुस्त शिवारुते फल तदासप्तमाद्रावात् परतो यदि विरौति, तदा तद्रुतमग्राह्य निष्फलत्वात् ।;यदेतत् प्रागुस्त शिवारुते फल तदासप्तमाद्रावात्परतो यदि विरौति, तदा तद्रुतमग्राह्य निष्फलत्वात् ।
याम्यायामिति ।;याम्यायामिति ।;याम्यायामिति ।
याम्यायादक्षिणदिक्स्थिताया शिवायां तदेव फल विपर्यस्त विपरीतगत ग्राह्यम्, किन्तुषट्पञ्चमादुतेषष्ठक्त्वचम चवर्जयित्वा ।;याम्याया दक्षिणदिक्स्थिताया शिवायां तदेव फल विपर्यस्त विपरीतगत ग्राह्यम्, किन्तु षट्पञ्चमादुतेषष्ठक्त्वचम चवर्जयित्वा ।;याम्याया दक्षिणदिक्स्थिताया शिवायां तदेव फल विपर्यस्त विपरीतगत ग्राह्यम्, किन्तुषट्पञ्चमादुतेषष्ठक्त्वचम चवर्जयित्वा ।
तयो पूर्वोक्तमेव फलमन्येष्वपि विपर्यय ।;तयो पूर्वोक्तमेव फलमन्येष्वपि विपर्यय ।;तयो पूर्वोक्तमेव फलमन्येष्वपि विपर्यय ।
अयमर्थ-प्रप्यमे क्षोभ ।;अयमर्थ-प्रप्यमे क्षोभ ।;अयमर्थ- प्रप्यमे क्षोभ ।
द्वितीये अनिष्टश्रवणम् ।;द्वितीये अनिष्टश्रवणम् ।;द्वितीये अनिष्टश्रवणम् ।
तृतीये धनहानि ।;तृतीये धनहानि ।;तृतीये धनहानि ।
चतुर्थे प्रिय-विप्रयोग ।;चतुर्थे प्रिय- विप्रयोग ।;चतुर्थे प्रिय- विप्रयोग ।
पञ्चमे क्षोभ एव ।;पञ्चमे क्षोभ एव ।;पञ्चमे क्षोभ एव ।
षष्ठे प्रधानभेद एव ।;षष्ठे प्रधानभेद एव ।;षष्ठे प्रधानभेद एव ।
सप्तमे वाहनानामसम्पदोहानय ।;सप्तमे वाहनानामसम्पदो हानय ।;सप्तमे वाहनानामसम्पदोहानय ।
सप्तमात् परतो न ग्राह्य निष्फलत्वात् ।;सप्तमात् परतो न ग्राह्य निष्फलत्वात् ।;सप्तमात् परतो न ग्राह्य निष्फलत्वात् ।
अथाशुभां शिवामाह--या रोमाञ्चं मनुष्याणां शकृन्मूत्रं च वाजिनाम् ।;अथाशुभां शिवामाह-- या रोमाञ्चं मनुष्याणां शकृन्मूत्रं च वाजिनाम् ।;अथाशुभां शिवामाह-- या रोमाञ्चं मनुष्याणां शकृन्मूत्रं च वाजिनाम् ।
रावात् त्रासं च जनयेत् सा शिवा न शिवप्रदा ।;रावात् त्रासं च जनयेत् सा शिवा न शिवप्रदा ।;रावात् त्रासं च जनयेत् सा शिवा न शिवप्रदा ।
﻿[अ.९४आ वायसविरुताध्यायः ।;[अ.९४] वायसविरुताध्यायः ।;[अ.९४आ वायसविरुताध्यायः ।
९७९नाशाय भवेत्स्यात् ।;९७५ नाशाय भवेत्स्यात् ।;९७९ नाशाय भवेत्स्यात् ।
तथा द्विपस्य हस्तिनोग्राहं जलप्राणिननीत्वाधक्रम्य तोयाद्जलात् स्थल उत्तरण नृभत् राज्ञो वृद्धिकरं भवताआरेत ।;तथा द्विपस्य हस्तिनोग्राहं जलप्राणिननीत्वाधक्रम्य तोयाद् जलात् स्थल उत्तरण नृभत् राज्ञो वृद्धिकरं भवताआरेत ।;तथा द्विपस्य हस्तिनोग्राहं जलप्राणिननीत्वाधक्रम्य तोयाद्जलात् स्थल उत्तरण नृभत् राज्ञो वृद्धिकरं भवताआरेत ।
इति श्रीभट्टोत्पलविरचितायासहिताविवृतौशाकुने हस्तिचेष्टितनाम त्रिनवतितमोऽध्याय ।;इति श्रीभट्टोत्पलविरचितायासहिताविवृतौशाकुने हस्तिचेष्टित नाम त्रिनवतितमोऽध्यायः ।;इति श्रीभट्टोत्पलविरचितायासहिताविवृतौ शाकुने हस्तिचेष्टितनाम त्रिनवतितमोऽध्याय ।
अथ वायसविरुतं व्याख्यायते ।;अथ वायसविरुतं व्याख्यायते ।;अथ वायसविरुतं व्याख्यायते ।
तत्रादावेव प्रविभागप्रदर्शनार्थमाह-प्राच्यानां दक्षिणतः शुभदाः काकाः करायिका वामाः ।;तत्रादावेव प्रविभागप्रदर्शनार्थमाह- प्राच्यानां दक्षिणतः शुभदाः काकाः करायिका वामाः ।;तत्रादावेव प्रविभागप्रदर्शनार्थमाह- प्राच्यानां दक्षिणतः शुभदाः काकाः करायिका वामाः ।
विपरीतमन्यदेशेष्ववधिर्लोकप्रसिद्ध्यैव ।;विपरीतमन्यदेशेष्ववधिर्लोकप्रसिद्ध्यैव ।;विपरीतमन्यदेशेष्ववधिर्लोकप्रसिद्ध्यैव ।
प्राच्या पूर्वस्यां दिशि भवाः प्राच्याः ।;प्राच्या पूर्वस्यां दिशि भवाः प्राच्याः ।;प्राच्या पूर्वस्यां दिशि भवाः प्राच्याः ।
तेषा प्राच्याना दक्षिणतो दक्षिणभागेकाका वायसा शुभदा ।;तेषा प्राच्याना दक्षिणतो दक्षिणभागे काका वायसा शुभदा ।;तेषा प्राच्याना दक्षिणतो दक्षिणभागे काका वायसा शुभदा ।
करायिका क्टपूर्य ।;करायिका क्टपूर्य ।;करायिका क्टपूर्य ।
वामा वामभागस्थास्तेषामेवशुभदा ।;वामा वामभागस्थास्तेषामेवशुभदा ।;वामा वामभागस्थास्तेषामेव शुभदा ।
अभष्पदेशेषु प्रावदेशवर्जितेषु विपरीत विपर्यस्तम् ।;अभष्पदेशेषु प्रावदेशवर्जितेषु विपरीत विपर्यस्तम् ।;अभष्पदेशेषु प्रावदेशवर्जितेषु विपरीत विपर्यस्तम् ।
काको वाम करायिका दक्षिणेतिदेशे प्रविभागमाह-अवधिर्लोकप्रसिद्ध्यैव, अवधि. परिच्छित्तिः सा चलोकप्रसिद्ध्यैव लोकप्रसिद्ध्या लोकतो विज्ञेया ।;काको वाम करायिका दक्षिणेति देशे प्रविभागमाह-अवधिर्लोकप्रसिद्ध्यैव, अवधि. परिच्छित्तिः सा च लोकप्रसिद्ध्यैव लोकप्रसिद्ध्या लोकतो विज्ञेया ।;काको वाम करायिका दक्षिणेतिदेशे प्रविभागमाह- अवधिर्लोकप्रसिद्ध्यैव, अवधि. परिच्छित्तिः सा च लोकप्रसिद्ध्यैव लोकप्रसिद्ध्या लोकतो विज्ञेया ।
यथा इमे जना. प्राच्याः,इमे दक्षिणा, इमे पश्चिमा., इम उत्तरा इति ।;यथा इमे जना. प्राच्याः, इमे दक्षिणा, इमे पश्चिमा., इम उत्तरा इति ।;यथा इमे जना. प्राच्याः, इमे दक्षिणा, इमे पश्चिमा., इम उत्तरा इति ।
आचार्येणापि कूर्मप्रविभागेप्रदर्शिता इति ।;आचार्येणापि कूर्मप्रविभागे प्रदर्शिता इति ।;आचार्येणापि कूर्मप्रविभागे प्रदर्शिता इति ।
अथ चेष्टितमाहवैशाखे निरुपहते वृक्षे नीड' सुभिक्षशिवदाता ।;अथ चेष्टितमाह वैशाखे निरुपहते वृक्षे नीड' सुभिक्षशिवदाता ।;अथ चेष्टितमाह वैशाखे निरुपहते वृक्षे नीड' सुभिक्षशिवदाता ।
निन्दितकण्टकिशुष्केष्वसुभिक्षभयानि तद्देशे ।;निन्दितकण्टकिशुष्केष्वसुभिक्षभयानि तद्देशे ।;निन्दितकण्टकिशुष्केष्वसुभिक्षभयानि तद्देशे ।
वैशाखे वैशाखमासे निरुपहते निरुपद्रवे वृक्षे तरौ नीड आलय सुभिक्षशिव-दाता भवति ।;वैशाखे वैशाखमासे निरुपहते निरुपद्रवे वृक्षे तरौ नीड आलय सुभिक्षशिव- दाता भवति ।;वैशाखे वैशाखमासे निरुपहते निरुपद्रवे वृक्षे तरौ नीड आलय सुभिक्षशिव- दाता भवति ।
सुभिक्षं श्रेयश्चददाति ।;सुभिक्षं श्रेयश्चददाति ।;सुभिक्षं श्रेयश्च ददाति ।
निन्दितेकुत्सिते ।;निन्दितेकुत्सिते ।;निन्दितेकुत्सिते ।
कण्टकिनिसकण्टके ।;कण्टकिनिसकण्टके ।;कण्टकिनिसकण्टके ।
शुष्केनीरसे वृक्षे ।;शुष्के नीरसे वृक्षे ।;शुष्केनीरसे वृक्षे ।
यस्मिन् देशे एतेषु नीडं करोति ।;यस्मिन् देशे एतेषु नीडं करोति ।;यस्मिन् देशे एतेषु नीडं करोति ।
तद्देशे असुभिक्षभयानि भवन्ति ।;तद्देशे असुभिक्षभयानि भवन्ति ।;तद्देशे असुभिक्षभयानि भवन्ति ।
अथ नरुडवशेन फलमाहनीडे प्राक्शाखायां शरदि भवेत् प्रथमवृष्टिरपरस्याम् ।;अथ नीडवशेन फलमाह नीडे प्राक्शाखायां शरदि भवेत् प्रथमवृष्टिरपरस्याम् ।;अथ नरुडवशेन फलमाह नीडे प्राक्शाखायां शरदि भवेत् प्रथमवृष्टिरपरस्याम् ।
याम्योत्तरयोर्मध्यात् प्रधानवृष्टिस्तरोरुपरि ।;याम्योत्तरयोर्मध्यात् प्रधानवृष्टिस्तरोरुपरि ।;याम्योत्तरयोर्मध्यात् प्रधानवृष्टिस्तरोरुपरि ।
शिखिदिशि मण्डलवृष्टिर्नैऋर्त्यां शारदस्य निष्पत्तिः ।;शिखिदिशि मण्डलवृष्टिर्नैऋर्त्यां शारदस्य निष्पत्तिः ।;शिखिदिशि मण्डलवृष्टिर्नैऋर्त्यां शारदस्य निष्पत्तिः ।
परिशेषयोः सभिक्षं मषकसम्पच्च वानप्यये ।;परिशेषयोः सभिक्षं मषकसम्पच्च वानप्यये ।;परिशेषयोः सभिक्षं मषकसम्पच्च वानप्यये ।
﻿९६६ सविवृतिबृहत्सहितायाम् [अ.९२०अस्वप्नश्च विरोधिनां निशि दिवा निद्रालसध्यानता ।;९६६ सविवृतिबृहत्संहितायाम् [अ.९२]अस्वप्नश्च विरोधिनां निशि दिवा निद्रालसध्यानता ।;९६६ सविवृतिबृहत्संहितायाम् [अ.९२०] अस्वप्नश्च विरोधिनां निशि दिवा निद्रालसध्यानता ।
सादोऽधोमुखता विचेष्टितमिदं नेष्टं स्मृतं वाजिनाम् ।;सादोऽधोमुखता विचेष्टितमिदं नेष्टं स्मृतं वाजिनाम् ।;सादोऽधोमुखता विचेष्टितमिदं नेष्टं स्मृतं वाजिनाम् ॥
प्रद्वेषो यवसेति ।;प्रद्वेषो यवसेति ।;प्रद्वेषो यवसेति ।
यवसस्य तृणादेरम्भसामपा च ।;यवसस्य तृणादेरम्भसामपा च ।;यवसस्य तृणादेरम्भसामपा च ।
प्रद्वेषो विरक्ता ।;प्रद्वेषो विरक्ता ।;प्रद्वेषो विरक्ता ।
तथाप्रपतन प्रपात ।;तथा प्रपतन प्रपात ।;तथा प्रपतन प्रपात ।
स्वेदो घर्म ।;स्वेदो घर्म ।;स्वेदो घर्म ।
निमित्त कारणम् ।;निमित्त कारणम् ।;निमित्त कारणम् ।
तस्माद्विना तद्व्यतिरेकेण ।;तस्माद्विना तद्व्यतिरेकेण ।;तस्माद्विना तद्व्यतिरेकेण ।
वदनान्मुरवाद्वा कर्णादे रक्तस्यशोणितस्यपतनस्राव ।;वदनान्मुरवाद्वा कर्णादे रक्तस्यशोणितस्यपतनस्राव ।;वदनान्मुरवाद्वा कर्णादे रक्तस्य शोणितस्यपतनस्राव ।
अस्वप्नश्चविरोधिना निशीति ।;अस्वप्नश्च विरोधिना निशीति ।;अस्वप्नश्च विरोधिना निशीति ।
निशिरात्रौ विरोधिना वैर कुर्वतामस्वप्नो जागरणम् ।;निशिरात्रौ विरोधिना वैर कुर्वतामस्वप्नो जागरणम् ।;निशिरात्रौ विरोधिना वैर कुर्वतामस्वप्नो जागरणम् ।
दिवादिवसे निद्रालसत्व ध्यानता चिन्ता ।;दिवा दिवसे निद्रालसत्व ध्यानता चिन्ता ।;दिवादिवसे निद्रालसत्व ध्यानता चिन्ता ।
सादो वक्षाध ।;सादो वक्षाध ।;सादो वक्षाधः ।
अधोमुखताऽनूर्ध्वनिरीक्षणम् ।;अधोमुखताऽनूर्ध्वनिरीक्षणम् ।;अधोमुखताऽनूर्ध्वनिरीक्षणम् ।
वाजिनामश्वानामिद विचेष्टित चेणइटत नेष्टमशुभ स्मृतमुक्तम् ।;वाजिनामश्वानामिद विचेष्टित चेष्टित नेष्टमशुभ स्मृतमुक्तम् ।;वाजिनामश्वानामिद विचेष्टित चेष्टित नेष्टमशुभ स्मृतमुक्तम् ।
उक्त च--निद्रानिरोधाध्वसनीलनेत्रा प्रध्यानश्वन्यस्मृतयो दिनेषु ।;उक्त च-- निद्रानिरोधाध्वसनीलनेत्रा प्रध्यानश्वन्यस्मृतयो दिनेषु ।;उक्त च-- निद्रानिरोधाध्वसनीलनेत्रा प्रध्यानश्वन्यस्मृतयो दिनेषु ।
नशासु माचान्योन्यदइरोधनिद्रानष्टास्तुरन्ध्या न शिवाय भर्तु ।;नशासु मा चान्योन्यदिरोधनिद्रानष्टास्तुरङ्गा न शिवाय भर्तु ।;नशासु माचान्योन्यदइरोधनिद्रानष्टास्तुरन्ध्या न शिवाय भर्तु ।
क्वयदपि चेष्टिमाहआरोहणमन्यवाजिनां पर्याणादियुतस्य वाजिनः ।;अन्ययदपि चेष्टिमाह---आरोहणमन्यवाजिनां पर्याणादियुतस्य वाजिनः ।;क्वयदपि चेष्टिमाह— आरोहणमन्यवाजिनां पर्याणादियुतस्य वाजिनः ।
उपवाह्यतुरङ्गमस्य वा कल्पस्यैव विपन्नशोभना ।;उपवाह्यतुरङ्गमस्य वा कल्पस्यैव विपन्नशोभना ।;उपवाह्यतुरङ्गमस्य वा कल्पस्यैव विपन्नशोभना ।
वाजिनोऽश्वस्य पर्याणादियुतस्य पार्याणसयुक्तस्य ।;वाजिनोऽश्वस्य पर्याणादियुतस्य पार्याणसयुक्तस्य ।;वाजिनोऽश्वस्य पर्याणादियुतस्य पार्याणसयुक्तस्य ।
आदिग्रहणात् पुरुष-सहितस्य ।;आदिग्रहणात् पुरुष- सहितस्य ।;आदिग्रहणात् पुरुष- सहितस्य ।
अन्यवाजिनामन्याश्वानामारोहणम् ।;अन्यवाजिनामन्याश्वानामारोहणम् ।;अन्यवाजिनामन्याश्वानामारोहणम् ।
पर्याणादियुतश्चान्योऽश्व आराहतितन्न शोभनम् ।;पर्याणादियुतश्चान्योऽश्व आराहति तन्न शोभनम् ।;पर्याणादियुतश्चान्योऽश्व आराहतितन्न शोभनम् ।
उपवाह्यतुरहगमस्य चेति ।;उपवाह्यतुरहगमस्य चेति ।;उपवाह्यतुरहगमस्य चेति ।
याहमन्नारुह्य गमन प्रत्युपवाह्यतेतस्योंपवाह्यतुरहमस्याश्वस्य कल्पस्यारोग्यस्य विपन्नशोभना नेष्टेति ।;याहमन्नारुह्य गमन प्रत्युपवाह्यते तस्योंपवाह्यतुरहमस्याश्वस्य कल्पस्यारोग्यस्य विपन्नशोभना नेष्टेति ।;याहमन्नारुह्य गमन प्रत्युपवाह्यते तस्योंपवाह्यतुरहमस्याश्वस्य कल्पस्यारोग्यस्य विपन्नशोभना नेष्टेति ।
अधुना हेषितलक्षणमाह-क्रौञ्चवद्रिपुवधाय हेषितंग्रीवया त्वचलया च सोन्मुखम् ।;अधुना हेषितलक्षणमाह- क्रौञ्चवद्रिपुवधाय हेषितं ग्रीवया त्वचलया च सोन्मुखम् ।;अधुना हेषितलक्षणमाह- क्रौञ्चवद्रिपुवधाय हेषितं ग्रीवया त्वचलया च सोन्मुखम् ।
स्निग्धमुच्चमनुनादि हृष्टवद्-ग्रासरुद्धवदनैश्च वाजिभिः ।;स्निग्धमुच्चमनुनादि हृष्टवद्- ग्रासरुद्धवदनैश्च वाजिभिः ।;स्निग्धमुच्चमनुनादि हृष्टवद्- ग्रासरुद्धवदनैश्च वाजिभिः ।
से ०ई 'ल्यब्दित औ-पी तद्रिधाय शत्रुविना-क्रञ्च पक्ष ।;क्रौञ्च पक्षी ।;से ०ई 'ल्यब्दित औ- पी तद्रिधाय शत्रुविना- क्रञ्च पक्ष ।
तथा ग्रीवया क्त्रधरया त्वचलया स्थिरया च सोन्मुख सह ऊर्ध्वेन मुखेन वर्ततइति सोन्मुखम्, तदपि रिपुबधायैव ।;तथा ग्रीवया क्त्रधरया त्वचलया स्थिरया च सोन्मुख सह ऊर्ध्वेन मुखेन वर्तत इति सोन्मुखम्, तदपि रिपुबधायैव ।;तथा ग्रीवया क्त्रधरया त्वचलया स्थिरया च सोन्मुख सह ऊर्ध्वेन मुखेन वर्तत इति सोन्मुखम्, तदपि रिपुबधायैव ।
स्निग्ध मधुरमुच्चमुच्चै कृप्वा स्पष्टतरम् ।;स्निग्ध मधुरमुच्चमुच्चै कृप्वा स्पष्टतरम् ।;स्निग्ध मधुरमुच्चमुच्चै कृप्वा स्पष्टतरम् ।
अनुनादि घण्टाशब्दवदनुनदति पश्चाच्छब्द करोति ।;अनुनादि घण्टाशब्दवदनुनदति पश्चाच्छब्द करोति ।;अनुनादि घण्टाशब्दवदनुनदति पश्चाच्छब्द करोति ।
हृष्टवत् परितोषयुक्तैर्ग्रास-रुद्धवदनै ।;हृष्टवत् परितोषयुक्तैर्ग्रासरुद्धवदनै ।;हृष्टवत् परितोषयुक्तैर्ग्रास- रुद्धवदनै ।
ग्रासेन कवलेनरुद्ध वदन मुखयेषां तैस्तथाभूतैस्तदध्रेषित रिपुवधायैववति ।;ग्रासेन कवलेनरुद्ध वदन मुखयेषां तैस्तथाभूतैस्तदध्रेषित रिपुवधायैव भवति ।;ग्रासेन कवलेनरुद्ध वदन मुखयेषां तैस्तथाभूतैस्तदध्रेषित रिपुवधायैव वति ।
﻿[अ९५ शाकुनोत्तराध्यायः ।;[अ.९५] शाकुनोत्तराध्यायः ।;[अ९५] शाकुनोत्तराध्यायः ।
एव स्थिरलग्ने स्थिरनवाशकोदये च चतुरक्षर नाम ।;एव स्थिरलग्ने स्थिरनवाशकोदये च चतुरक्षर नाम ।;एव स्थिरलग्ने स्थिरनवाशकोदये च चतुरक्षर नाम ।
द्विमूर्त्तिषुद्विस्वभावेषूर लग्नगतेषु तन्नवाशकेषु चास्य नामयुष्य नामद्वितय भवेति ।;द्विमूर्त्तिषु द्विस्वभावेषूर लग्नगतेषु तन्नवाशकेषु चास्य नामयुष्य नामद्वितय भवेति ।;द्विमूर्त्तिषु द्विस्वभावेषूर लग्नगतेषु तन्नवाशकेषु चास्य नामयुष्य नामद्वितय भवेति ।
तत्रैक नामत्र्यक्षरम् ।;[अ.९५] शाकुनोत्तराध्यायः ।;तत्रैक नामत्र्यक्षरम् ।
द्वितीय पञ्चभिरक्षरैर्भवति ।;द्वितीय पञ्चभिरक्षरैर्भवति ।;द्वितीय पञ्चभिरक्षरैर्भवति ।
एव. चरलग्ने चराशके विज्ञेयम् ।;एव. चरलग्ने चराशके विज्ञेयम् ।;एव चरलग्ने चराशके विज्ञेयम् ।
अथ नामवर्णानयनमाह--काद्यास्तु?? ???? ??त. शकवृ ९इ।;[अ.९५] शाकुनोत्तराध्यायः ।;अथ नामवर्णानयनमाह-- काद्यास्तु त. शकवृ ९इ।
दष्टष०फकः ' ९?? ???? ???ग्न् ००तर ९इ ७ स्थ??५ईं येप्०९९९ ' ५ ०।;१०१९ वलवास्तद्वशान्नाम ।;दष्टष०फकः ' ९ ग्न् ००तर ९इ ७ स्थ५ईं येप्०९९९ ' ५ ०।
ःपरिपाट्या उक्ता ।;परिपाट्या उक्ता ।;ःपरिपाट्या उक्ता ।
तद्यथा- कवग कुजस्य ।;तद्यथा- कवग कुजस्य ।;तद्यथा- कवग कुजस्य ।
चवग द्यतु ।;चवग द्यतु ।;चवग द्यतु ।
९. चचटुस्कबुधस्य ।;द्वितीय पञ्चभिरक्षरैर्भवति ।;९. चचटुस्कबुधस्य ।
तवर्गो जीवस्य गुरो ।;तवर्गो जीवस्य गुरो ।;तवर्गो जीवस्य गुरो ।
पवर्गोऽर्कजस्य सौरस्य ।;पवर्गोऽर्कजस्य सौरस्य ।;पवर्गोऽर्कजस्य सौरस्य ।
रवेरादित्यस्याकारात् प्रभृति क्रमशो द्वादश स्वरा स्युर्भवेयु ।;रवेरादित्यस्याकारात् प्रभृति क्रमशो द्वादश स्वरा स्युर्भवेयु ।;रवेरादित्यस्याकारात् प्रभृति क्रमशो द्वादश स्वरा स्युर्भवेयु ।
ओजनमुर्-आदिषुकैषुयेतत्कालनवाशका समुद्गता तेषायेऽधिपतयोप्रय--चल्फप्य-,ग्रहास्तेषाये वर्गा उक्तास्तैर्वर्गैरशमाणनक्ष प्राग्ववदक्षरकोशाभिहित प्राग्वद्वर्णमुत्पाद्यतैर्वर्णैस्तस्य नामोत्पादनीयमिति ।;ओजनमुर्-आदिषुकैषुयेतत्कालनवाशका समुद्गता तेषायेऽधिपतयो ग्रहास्तेषाये वर्गा उक्तास्तैर्वर्गैरशमाणनक्ष प्राग्ववदक्षरकोशाभिहित प्राग्वद्वर्णमुत्पाद्य तैर्वर्णैस्तस्य नामोत्पादनीयमिति ।;ओजनमुर्-आदिषुकैषुयेतत्कालनवाशका समुद्गता तेषायेऽधिपतयोप्रय--चल्फप्य-, ग्रहास्तेषां ये वर्गा उक्तास्तैर्वर्गैरशमाणनक्ष प्राग्ववदक्षरकोशाभिहित प्राग्वद्वर्णमुत्पाद्यतैर्वर्णैस्तस्य नामोत्पादनीयमिति ।
अत एव मेषे ककार इत्यादिकस्याक्षरचक्रस्यन्यास प्रदर्शित ० च्चितु तत्रस्थो ग्रहो वर्गोत्तमस्वराशिद्रेष्कासानवाशोच्चवक्रस्थितोभवति', तदायुर्दायगणनावद् द्वित्रिगुणत्वमक्षराणा कार्यम ।;अत एव मेषे ककार इत्यादिकस्याक्षरचक्रस्य न्यास प्रदर्शित किन्तु तत्रस्थो ग्रहो वर्गोत्तमस्वराशिद्रेष्कासानवाशोच्चवक्रस्थितो भवति', तदायुर्दायगणनावद् द्वित्रिगुणत्वमक्षराणा कार्यम ।;अत एव मेषे ककार इत्यादिकस्याक्षरचक्रस्य न्यास प्रदर्शित ० च्चितु तत्रस्थो ग्रहो वर्गोत्तमस्वराशिद्रेष्कासानवाशोच्चवक्रस्थितो भवति', तदायुर्दायगणनावद् द्वित्रिगुणत्वमक्षराणा कार्यम ।
द्वित्रिगुणत्वे सकृद्त्रिगुणमिति च ।;द्वित्रिगुणत्वे सकृद् त्रिगुणमिति च ।;द्वित्रिगुणत्वे सकृद्त्रिगुणमिति च ।
वर्गोत्तमादिवर्जितोश्यत स्थिता पापोन्ध्यर हन्ति ।;वर्गोत्तमादिवर्जितोश्यत स्थिता पापोन्ध्यर हन्ति ।;वर्गोत्तमादिवर्जितोश्यत स्थिता पापोन्ध्यर हन्ति ।
एव स्वरान्ज्ज्वजनानि च' सगृह्य ततो नामरचना ।;एव स्वरान् व्यञ्जनानि च सगृह्य ततो नामरचना ।;एव स्वरान्ज्ज्वजनानि च' सगृह्य ततो नामरचना ।
लद्व्यनकेन्द्रादारभ्याक्षरक्रमेणोर्ध्वाधोभाग-योजनां कृत्वा नामरचनायै लपनकेन्द्रस्य तनुत्वात् प्राधान्यात् प्रथमं तद्वर्ण नाम्नियोजयेत् ।;लग्नकेन्द्रादारभ्याक्षरक्रमेणोर्ध्वाधोभाग- योजनां कृत्वा नामरचनायै लपनकेन्द्रस्य तनुत्वात् प्राधान्यात् प्रथमं तद्वर्ण नाम्नि योजयेत् ।;लद्व्यनकेन्द्रादारभ्याक्षरक्रमेणोर्ध्वाधोभागयोजनां कृत्वा नामरचनायै लपनकेन्द्रस्य तनुत्वात् प्राधान्यात् प्रथमं तद्वर्ण नाम्नियोजयेत् ।
ततश्चतुर्थोत्पन्नान्,तत सप्तमजान्,ततोदशमजानिति।;ततश्चतुर्थोत्पन्नान्,तत सप्तमजान्,ततोदशमजानिति।;ततश्चतुर्थोत्पन्नान्, तत सप्तमजान्, ततोदशमजानिति।
अन्येएवमक्षरानयनव्याचक्षते-यथाऽर्कस्य राशौसार्धलिप्ताशतेभुक्ते स्ववर्गादेकैकमक्षरं भवति ।;अन्येएवमक्षरानयनव्याचक्षते-यथाऽर्कस्य राशौसार्धलिप्ताशते भुक्ते स्ववर्गादेकैकमक्षरं भवति ।;अन्येएवमक्षरानयनव्याचक्षते- यथाऽर्कस्य राशौ सार्धलिप्ताशते भुक्ते स्ववर्गादेकैकमक्षरं भवति ।
चन्द्रस्य द्ध्वचविशत्यधिके शतद्वयभुस्ते एकैकमक्षर१. लघुजातके ७ अध्यायस्य २ श्लोकः ।;चन्द्रस्य द्ध्वचविशत्यधिके शतद्वयभुस्ते एकैकमक्षर १. लघुजातके ७ अध्यायस्य २ श्लोकः ।;चन्द्रस्य द्ध्वचविशत्यधिके शतद्वयभुक्ते एकैकमक्षर १. लघुजातके ७ अध्यायस्य २ श्लोकः ।
﻿१०३६ सविसूतिभृस्संहितायाम् धूअक ९८आऋकृष्णपक्षे एतास्वेव तिथिषु एतएवाधिपतय, किन्तु पितरोऽमावस्यायाम् ।;१०३६ सविवृतिबृहत्संहितायाम् [अ.९८] कृष्णपक्षे एतास्वेव तिथिषु एतएवाधिपतय, किन्तु पितरोऽमावस्यायाम् ।;१०३६ सविसूतिभूतस्संहितायाम् [अ.९८]कृष्णपक्षे एतास्वेव तिथिषु एत एवाधिपतय, किन्तु पितरोऽमावस्यायाम् ।
अमावास्याया पितर ।;अमावास्याया पितर ।;अमावास्याया पितर ।
तैस्तिथिस्वामिभि सज्ञासदृशा नामतुल्या क्रिया. कार्या ।;तैस्तिथिस्वामिभि सज्ञासदृशा नामतुल्या क्रिया. कार्या ।;तैस्तिथिस्वामिभि सज्ञासदृशा नामतुल्या क्रिया. कार्या ।
यथा प्रतिपदि ब्रह्मकर्म विवाहादि ।;यथा प्रतिपदि ब्रह्मकर्म विवाहादि ।;यथा प्रतिपदि ब्रह्मकर्म विवाहादि ।
द्वितीयस्या भवननिवेशादि ।;द्वितीयस्या भवननिवेशादि ।;द्वितीयस्या भवननिवेशादि ।
तृतीयस्या चौल-करणदमनादि ।;तृतीयस्या चौल- करणदमनादि ।;तृतीयस्या चौल- करणदमनादि ।
चतुर्थ्या शत्रुमथनादि ।;चतुर्थ्या शत्रुमथनादि ।;चतुर्थ्या शत्रुमथनादि ।
पञ्चम्या वमनौषधिपौष्टिकादि ।;पञ्चम्या वमनौषधिपौष्टिकादि ।;पञ्चम्या वमनौषधिपौष्टिकादि ।
षष्ठ्यांमित्रसग्रहाभिषेकादि ।;अष्टम्यामायुधग्रहणदुर्गोपकरणादि ।;षष्ठ्यांमित्रसग्रहाभिषेकादि ।
स्ततम्या शकटयानक्रियाध्वगमनादि ।;स्ततम्या शकटयानक्रियाध्वगमनादि ।;स्ततम्या शकटयानक्रियाध्वगमनादि ।
अष्टम्यामायुध-ग्रहणदुर्गोपकरणादि ।;अष्टम्यामायुधग्रहणदुर्गोपकरणादि ।;अष्टम्यामायुध-ग्रहणदुर्गोपकरणादि ।
नवम्या परविधातमारणादि ।;नवम्या परविधातमारणादि ।;नवम्या परविधातमारणादि ।
दशम्या धर्मब्राह्मणतर्पणादि ।;दशम्या धर्मब्राह्मणतर्पणादि ।;दशम्या धर्मब्राह्मणतर्पणादि ।
एकादश्यां स्थिरचरसौम्यमृदुकर्मादि ।;एकादश्यां स्थिरचरसौम्यमृदुकर्मादि ।;एकादश्यां स्थिरचरसौम्यमृदुकर्मादि ।
द्वादश्यामग्न्याधानादि ।;द्वादश्यामग्न्याधानादि ।;द्वादश्यामग्न्याधानादि ।
त्रयोदश्यां मित्र-करणकामानुसेवादि ।;त्रयोदश्यां मित्र- करणकामानुसेवादि ।;त्रयोदश्यां मित्र- करणकामानुसेवादि ।
चतुर्दश्या विषरसप्रयोगादि ।;चतुर्दश्या विषरसप्रयोगादि ।;चतुर्दश्या विषरसप्रयोगादि ।
पञ्चदश्यां पितृतर्पणाआ९ ।;पञ्चदश्यां पितृतर्पणाआ९ ।;पञ्चदश्यां पितृतर्पणाआ९ ।
तथा चपराशर-''तिथयस्तु नन्दा भद्रा जया रिक्ता पूर्णा मासा मित्रा महाबलोग्रसेनासुधन्वा सुनन्दा यमा जयोग्रा सिद्धिरिति ।;तथा चपराशर- ''तिथयस्तु नन्दा भद्रा जया रिक्ता पूर्णा मासा मित्रा महाबलोग्रसेना सुधन्वा सुनन्दा यमा जयोग्रा सिद्धिरिति ।;तथा च पराशर- ''तिथयस्तु नन्दा भद्रा जया रिक्ता पूर्णा मासा मित्रा महाबलोग्रसेना सुधन्वा सुनन्दा यमा जयोग्रा सिद्धिरिति ।
तासु कर्माणि ।;तासु कर्माणि ।;तासु कर्माणि ।
प्रतिपत्षष्ठ्योर्विवाह-क्षेत्रासववास्तुबीजवपनमित्रधनसग्रहाभिषेकसत्रादि स्थिरमिष्टमनिष्टमध्वाध्या-पनमध्ययनं क्षुरकर्मेति ।;अष्टम्यामायुधग्रहणदुर्गोपकरणादि ।;प्रतिपृष्ठयोर्विवाह- क्षेत्रासववास्तुबीजवपनमित्रधनसग्रहाभिषेकसत्रादि स्थिरमिष्टमनिष्टमध्वाध्यापनमध्ययनं क्षुरकर्मेति ।
द्वितीयासप्तमीत्रयोदशीषु पत्युद्वहनभवनशयनशकटयान-क्रियाव्वगमनाम्बरालङ्कारधारणशिल्पभैषज्यस्वस्त्ययनपौष्टिकव्रतायुष्याआता ।;द्वितीयासप्तमीत्रयोदशीषु पत्युद्वहनभवनशयनशकटयान- क्रियाव्वगमनाम्बरालङ्कारधारणशिल्पभैषज्यस्वस्त्ययनपौष्टिकव्रतायुष्याआता ।;द्वितीयासप्तमीत्रयोदशीषु पत्युद्वहनभवनशयनशकटयान- क्रियाव्वगमनाम्बरालङ्कारधारणशिल्पभैषज्यस्वस्त्ययनपौष्टिकव्रतायुष्याआता ।
विशेषतो मित्राया मित्रकर्मनृपतिशासनसन्धानानि ।;विशेषतो मित्राया मित्रकर्मनृपतिशासनसन्धानानि ।;विशेषतो मित्राया मित्रकर्मनृपतिशासनसन्धानानि ।
तृतीयाया बलकरणदमनानि ।;तृतीयाया बलकरणदमनानि ।;तृतीयाया बलकरणदमनानि ।
प्रतिपदि द्वितीयायां चतुर्थ्यामपि विषमथनदमनबन्धनानि चारभेदकवाटाभि-योगाग्निविषसम्प्रयोगक्त्यिआएग्रोग्रसेनयोश्च।;प्रतिपदि द्वितीयायां चतुर्थ्यामपि विषमथनदमनबन्धनानि चारभेदकवाटाभि- योगाग्निविषसम्प्रयोगक्त्यिआएग्रोग्रसेनयोश्च।;प्रतिपदि द्वितीयायां चतुर्थ्यामपि विषमथनदमनबन्धनानि चारभेदकवाटाभि- योगाग्निविषसम्प्रयोगक्त्यिआएग्रोग्रसेनयोश्च।
क्वचमीदशम्येकादशीषु भवनशयन-स्वस्त्यनौषधपौष्टिकसुभगाध्वगमनकेदारव्यवहारभूषणकन्यावरणोद्वहनस्थिरचर-सौम्यमृदुकर्माणि ।;चतुर्दश्या विषरसप्रयोगादि ।;क्वचमीदशम्येकादशीषु भवनशयन- स्वस्त्यनौषधपौष्टिकसुभगाध्वगमनकेदारव्यवहारभूषणकन्यावरणोद्वहनस्थिरचर- सौम्यमृदुकर्माणि ।
एकादश्यास्त्रीभृत्यनिग्रहाविशेषणे ।;एकादश्यास्त्रीभृत्यनिग्रहाविशेषणे ।;एकादश्यास्त्रीभृत्यनिग्रहाविशेषणे ।
अष्टम्याबलोपकरणदर्शनायुधग्रहणदुर्गोपकरणावरणपरिखाभिखननकेदारव्यवहारभूषणकन्यावरणोद्वहनस्थिरचरसौम्यगुप्तिकरणानि ।;एकादश्यास्त्रीभृत्यनिग्रहाविशेषणे ।;अष्टम्याबलोपकरणदर्शनायुधग्रहणदुर्गोपकरणावरणपरिखाभिखननकेदारव्यवहारभूषणकन्यावरणोद्वहनस्थिरचरसौम्यगुप्तिकरणानि ।
द्वादश्या स्थिरचरकर्मारसयाधानयज्ञोपनयननिधिनिधानपाणिग्रहणानि ।;द्वादश्या स्थिरचरकर्मारसयाधानयज्ञोपनयननिधि निधानपाणिग्रहणानि ।;द्वादश्या स्थिरचरकर्मारसयाधानयज्ञोपनयननिधिनिधानपाणिग्रहणानि ।
पञ्चदश्या पितृयज्ञदेक्षागुरुवल्युपवासेष्टिक्रिया प्रशस्यन्ते ।;पञ्चदश्या पितृयज्ञदेक्षागुरुवल्युपवासेष्टिक्रिया प्रशस्यन्ते ।;पञ्चदश्या पितृयज्ञदेक्षागुरुवल्युपवासेष्टिक्रिया प्रशस्यन्ते ।
अपि च, ब्रह्मामरमन्त्रिजनार्दनयमसोमकुमारमुनिघसुपिशाचीधर्मरुद्ररविकाम-रुद्रपितरस्तिथिदेवाः ।;अपि च, ब्रह्मामरमन्त्रिजनार्दनयमसोमकुमारमुनिघसुपिशाचीधर्मरुद्ररविकाम- रुद्रपितरस्तिथिदेवाः ।;अपि च, ब्रह्मामरमन्त्रिजनार्दनयमसोमकुमारमुनिघसुपिशाचीधर्मरुद्ररविकाम- रुद्रपितरस्तिथिदेवाः ।
नन्दा भद्रा विजया रिक्ता पूर्णा चेति ।;नन्दा भद्रा विजया रिक्ता पूर्णा चेति ।;नन्दा भद्रा विजया रिक्ता पूर्णा चेति ।
ताश्च तिथयो नन्दाद्यास्त्रिविधा-स्त्रिप्रकाराः, यथा-प्रतिपन्नन्दा, द्वितीया भद्रा, तृतीया विजया, चतुर्थी रिक्ता,पञ्चमी पूर्णा ।;ताश्च तिथयो नन्दाद्यास्त्रिविधा- स्त्रिप्रकाराः, यथा-प्रतिपन्नन्दा, द्वितीया भद्रा, तृतीया विजया, चतुर्थी रिक्ता, पञ्चमी पूर्णा ।;ताश्च तिथयो नन्दाद्यास्त्रिविधा- स्त्रिप्रकाराः, यथा-प्रतिपन्नन्दा, द्वितीया भद्रा, तृतीया विजया, चतुर्थी रिक्ता, पञ्चमी पूर्णा ।
एवं षष्ट्याद्या एकादशाद्याश्च ।;एवं षष्ट्याद्या एकादशाद्याश्च ।;एवं षष्ट्याद्या एकादशाद्याश्च ।
यत् कार्यमिति ।;यत् कार्यमिति ।;यत् कार्यमिति ।
नक्षत्रे यत् कार्यमुस्त तस्यां या देवता सा यस्या तिथौदेवता भवतितस्यामपि तदेवकर्मकार्यम् ।;नक्षत्रे यत् कार्यमुस्त तस्यां या देवता सा यस्या तिथौ देवता भवतितस्यामपि तदेवकर्मकार्यम् ।;नक्षत्रे यत् कार्यमुक्त तस्यां या देवता सा यस्या तिथौ देवता भवति तस्यामपि तदेव कर्मकार्यम् ।
यथा--रोहिण्यायत्कार्यमुक्तं तस्या यादेवता ब्रह्मा तद्दैवत्याया प्रतिपदि तदेव कार्य कर्तव्यम् ।;यथा--रोहिण्यायत्कार्यमुक्तं तस्या या देवता ब्रह्मा तद्दैवत्याया प्रतिपदि तदेव कार्य कर्तव्यम् ।;यथा-- रोहिण्यायत्कार्यमुक्तं तस्या या देवता ब्रह्मा तद्दैवत्याया प्रतिपदि तदेव कार्य कर्तव्यम् ।
एवं यदभिजिति तद्द्वितीय-स्याम् ।;एवं यदभिजिति तद्द्वितीय- स्याम् ।;एवं यदभिजिति तद्द्वितीय- स्याम् ।
श्रवणे तृतीयस्याम् ।;श्रवणे तृतीयस्याम् ।;श्रवणे तृतीयस्याम् ।
भरण्या चतुर्थ्याम् ।;भरण्या चतुर्थ्याम् ।;भरण्या चतुर्थ्याम् ।
मृगशिरशि पञ्चम्याम् ।;मृगशिरशि पञ्चम्याम् ।;मृगशिरशि पञ्चम्याम् ।
कृत्तिकासु;कृत्तिकासु;कृत्तिकासु
﻿?इअँ९५ं शाकुनोत्तराप्यायः ।;[अ.९५] शाकुनोत्तराध्यायः ।;ँ९५ं शाकुनोत्तराप्यायः ।
कखगघ डभौमस्य ।;कखगघ डभौमस्य ।;कखगघ डभौमस्य ।
चछ जझ न्त शुक्रस्य. ।;चछ जझ न्त शुक्रस्य. ।;चछ जझ न्त शुक्रस्य. ।
टठ डढ ण बुधस्य ।;टठ डढ ण बुधस्य ।;टठ डढ ण बुधस्य ।
प फ व भ म सौरस्य ।;प फ व भ म सौरस्य ।;प फ व भ म सौरस्य ।
य र त्व व श प स ह चन्द्रस्य ।;य र त्व व श प स ह चन्द्रस्य ।;य र त्व व श प स ह चन्द्रस्य ।
अथ राशिवशेन ह्येकाणवशेन च नामाक्षरसंख्याज्ञानमाह-द्रेष्प्याणवृद्ध्या प्रख्यान्त नामत्रिहञ्चसप्ताक्षरमोजराशौ ।;अथ राशिवशेन ह्येकाणवशेन च नामाक्षरसंख्याज्ञानमाह- द्रेष्प्याणवृद्ध्या प्रख्यान्त नाम त्रिहञ्चसप्ताक्षरमोजराशौ ।;अथ राशिवशेन ह्येकाणवशेन च नामाक्षरसंख्याज्ञानमाह- द्वेष्प्याणवृद्ध्या प्रख्यान्त नाम त्रिहञ्चसप्ताक्षरमोजराशौ ।
युगहे तु ईवत्स्याद् द्विङ्क्षःसुष्कषटकंनामाक्षराणि ग्रहदुसूङ्कटवृद्ध्या ।;युगहे तु ईवत्स्याद् द्विङ्क्षःसुष्कषटकं नामाक्षराणि ग्रहदुसूङ्कटवृद्ध्या ।;युगहे तु ईवत्स्याद् द्विङ्क्षःसुष्कषटकंनामाक्षराणि ग्रहदुसूङ्कटवृद्ध्या ।
द्रेष्काणो राशित्रिभाया ।;द्रेष्काणो राशित्रिभाया ।;द्रेष्काणो राशित्रिभाया ।
तस्य वृद्ध्या वर्धनेनौजराशौ विषमर्क्षे त्रिक्त्वच-सप्ताक्षर नाम ।;तस्य वृद्ध्या वर्धनेनौजराशौ विषमर्क्षे त्रिक्त्वच- सप्ताक्षर नाम ।;तस्य वृद्ध्या वर्धनेनौजराशौ विषमर्क्षे त्रिक्त्वच- सप्ताक्षर नाम ।
प्रयमे त्र्यक्षरम्, 'द्वइतीये पञ्कक्षरम्, तृतीये सप्ताक्षरमिति ।;प्रयमे त्र्यक्षरम्, 'द्वइतीये पञ्कक्षरम्, तृतीये सप्ताक्षरमिति ।;प्रयमे त्र्यक्षरम्, 'द्वइतीये पञ्कक्षरम्, तृतीये सप्ताक्षरमिति ।
युग्मेसमराशौ लग्नगते प्रथमे ह्येकाणे द्व्यक्षर नाम विद्युद्याज्जानीयात् ।;युग्मे समराशौ लग्नगते प्रथमे ह्येकाणे द्व्यक्षर नाम विद्युद्याज्जानीयात् ।;युग्मे समराशौ लग्नगते प्रथमे ह्येकाणे द्व्यक्षर नाम विद्युद्याज्जानीयात् ।
तृतीयेषट्क षडक्षरम् ।;तृतीयेषट्क षडक्षरम् ।;तृतीयेषट्कं षडक्षरम् ।
तानिचनामाक्षराणिनामर्वाग्रहदृणइटवृद्ध्या ।;तानिचनामाक्षराणिनामर्वाग्रहदृणइटवृद्ध्या ।;तानिचनामाक्षराणिनामर्वाग्रहदृणइटवृद्ध्या ।
यत केन्द्रस्थराशिभिरक्षराण्यानीयन्ते ।;यत केन्द्रस्थराशिभिरक्षराण्यानीयन्ते ।;यत केन्द्रस्थराशिभिरक्षराण्यानीयन्ते ।
केन्द्रचतुप्टयस्यप्रस्तुतत्वात् किलयतेद्वयेना-क्षिरज्यमिद शास्त्रम् ।;केन्द्रचतुप्टयस्यप्रस्तुतत्वात् किलयतेद्वयेना-क्षिरज्यमिद शास्त्रम् ।;केन्द्रचतुष्टयस्य प्रस्तुतत्वात् किलयतेद्वयेना-क्षिरज्यमिद शास्त्रम् ।
तत्रैक स्थितियोग, द्वितीयो दृष्टियोग ।;तत्रैक स्थितियोग, द्वितीयो दृष्टियोग ।;तत्रैक स्थितियोग, द्वितीयो दृष्टियोग ।
स्थितियोगं परिहृत्यष्टियोगेनानीयन्ते ।;द्रेष्काणो राशित्रिभाया ।;स्थितियोगं परिहृत्यष्टियोगेनानीयन्ते ।
दृष्टियोगे तु बलाबलीदृ वचार ।;दृष्टियोगे तु बलाबली दृ वचार ।;दृष्टियोगे तु बलाबलीदृ वचार ।
उस्त च--वा यदात्रिदशत्रिकोणचतुरस्रसरतमान्यवलोकयन्ति चरणाभिवृद्धित ।;उक्त च-- त्रिदशत्रिकोणचतुरस्रसरतमान्यवलोकयन्ति चरणाभिवृद्धित ।;उस्त च-- वा यदा त्रिदशत्रिकोणचतुरस्रसरतमान्यवलोकयन्ति चरणाभिवृद्धित ।
रविजामरेज्यरुधिरा परेच ये क्रमशो भवन्ति किल वीक्षणेऽधिका ।;रविजामरेज्यरुधिरा परेच ये क्रमशो भवन्ति किल वीक्षणेऽधिका ।;रविजामरेज्यरुधिरा परेच ये क्रमशो भवन्ति किल वीक्षणेऽधिका ।
इति) ।;तानिचनामाक्षराणिनामर्वाग्रहदृणइटवृद्ध्या ।;इति) ।
एव ग्रहदर्शनवृद्ध्या नामाक्षरणयानीयन्ते ।;इति एव ग्रहदर्शनवृद्ध्या नामाक्षरणयानीयन्ते ।;एव ग्रहदर्शनवृद्ध्या नामाक्षरणयानीयन्ते ।
अथ नवाशकवशेन नामाक्षरसह्व्याज्ञानमाह--वर्गोत्तश्वे द्व्यक्षरकं चरांशेस्थिरर्क्षभागे चतुरक्षरं तत् ।;अथ नवाशकवशेन नामाक्षरसह्व्याज्ञानमाह-- वर्गोत्तश्वे द्व्यक्षरकं चरांशे स्थिरर्क्षभागे चतुरक्षरं तत् ।;अथ नवाशकवशेन नामाक्षरसह्व्याज्ञानमाह-- वर्गोत्तश्वे द्व्यक्षरकं चरांशे स्थिरर्क्षभागे चतुरक्षरं तत् ।
ओजेषु चैभ्यो विषमाक्षराणिस्युर्द्विस्वभावेषु तु राशिवच्च ।;ओजेषु चैभ्यो विषमाक्षराणि स्युर्द्विस्वभावेषु तु राशिवच्च ।;ओजेषु चैभ्यो विषमाक्षराणिस्युर्द्विस्वभावेषु तु राशिवच्च ।
''वर्गोत्तमाश्चरगृहादिषु पूर्वक्रयपर्यन्तगा '' इति ।;वा यदा ''वर्गोत्तमाश्चरगृहादिषु पूर्वक्रयपर्यन्तगा '' इति ।;''वर्गोत्तमाश्चरगृहादिषु पूर्वक्रयपर्यन्तगा '' इति ।
वर्शोत्तमाख्या नवाशकाअग्रत ओजशब्दकरणादिह समराशावेव ज्ञायते ।;वर्शोत्तमाख्या नवाशका अग्रत ओजशब्दकरणादिह समराशावेव ज्ञायते ।;वर्शोत्तमाख्या नवाशका अग्रत ओजशब्दकरणादिह समराशावेव ज्ञायते ।
समराशौ कर्कटे मकरेवर्शोत्तमश्चराशो भवति, तदा द्व्यक्षर नाम ।;समराशौ कर्कटे मकरे वर्शोत्तमश्चराशो भवति, तदा द्व्यक्षर नाम ।;समराशौ कर्कटे मकरे वर्शोत्तमश्चराशो भवति, तदा द्व्यक्षर नाम ।
स्थिरर्क्षभागे स्थिरराशौबृहज्जातके २ अध्यायस्य १३ श्ल क ।;स्थिरर्क्षभागे स्थिरराशौबृहज्जातके २ अध्यायस्य १३ श्ल क ।;स्थिरर्क्षभागे स्थिरराशौ बृहज्जातके २ अध्यायस्य १३ श्ल क ।
२. बृहज्जातके १ अध्यायस्य १४ श्लोक. ।;२. बृहज्जातके १ अध्यायस्य १४ श्लोक. ।;२. बृहज्जातके १ अध्यायस्य १४ श्लोक. ।
﻿?इअ.९५] शाकुनोत्तरष्थाय ।;[अ.९५] शाकुनोत्तरध्यायः ।;[अ.९५] शाकुनोत्तरष्थाय ।
९९७दीप्तः स चेत् संग्रहणं करोतियोन्या तथा या विदिशि प्रदिष्टा ।;९९७ दीप्तः स चेत् संग्रहणं करोति १योन्या तथा या विदिशि प्रदिष्टा ।;९९७ दीप्तः स चेत् संग्रहणं करोति योन्या तथा या विदिशि प्रदिष्टा ।
अथवा इन्दोर्लग्ने कर्कटे तस्मिंश्च भृगुभाशसस्थे ।;अथवा इन्दोर्लग्ने कर्कटे तस्मिंश्च भृगुभाशसस्थे ।;अथवा इन्दोर्लग्ने कर्कटे तस्मिंश्च भृगुभाशसस्थे ।
भृगो शुक्रस्य भाशोनवाशको भृगुभाश ।;भृगो शुक्रस्य भाशो नवाशको भृगुभाश ।;भृगो शुक्रस्य भाशो नवाशको भृगुभाश ।
कर्कटस्य तुलनवाशक इत्यर्थ ।;कर्कटस्य तुलनवाशक इत्यर्थ ।;कर्कटस्य तुलनवाशक इत्यर्थ ।
तस्मिल्लग्नस्थे शकुनोविदिकस्थितो विदिशमवस्थित ।;तस्मिल्लग्नस्थे शकुनो विदिकस्थितो विदिशमवस्थित ।;तस्मिल्लग्नस्थे शकुनोविदिकस्थितो विदिशमवस्थित ।
तत्र चाधोवदनोऽधोमुखश्च विरौति शब्द करोति ।;तत्र चाधोवदनोऽधोमुखश्च विरौति शब्द करोति ।;तत्र चाधोवदनोऽधोमुखश्च विरौति शब्द करोति ।
स चेद्यदि दीप्त स्थानदीप्त शव्ददीप्तश्च, तदा सग्रहण सयोग करोति।;स चेद्यदि दीप्त स्थानदीप्त शव्ददीप्तश्च, तदा सग्रहण सयोग करोति।;स चेद्यदि दीप्त स्थानदीप्त शव्ददीप्तश्च, तदा सग्रहण सयोग करोति।
योन्या तया वा विदिशिप्रदिष्टा तस्याविदिशियस्यायोनिरुत्पत्ति. प्रदिष्टोक्तास्त्रीणा विकल्पे बृहती कुमारीत्यादि ।;योन्या तया वा विदिशिप्रदिष्टा तस्याविदिशियस्यायोनिरुत्पत्ति. प्रदिष्टोक्ता स्त्रीणा विकल्पे बृहती कुमारीत्यादि ।;योन्या तया वा विदिशि प्रदिष्टा तस्याविदिशियस्यायोनिरुत्पत्ति. प्रदिष्टोक्तास्त्रीणा विकल्पे बृहती कुमारीत्यादि ।
तया सह सग्रहण करोति ।;तया सह सग्रहण करोति ।;तया सह सग्रहण करोति ।
केषाञ्चित् पाठयोऽन्योऽनुयायाद्दिशि सम्प्रदिष्ट ।;केषाञ्चित् पाठ योऽन्योऽनुयायाद्दिशि सम्प्रदिष्ट ।;केषाञ्चित् पाठयोऽन्योऽनुयायाद्दिशि सम्प्रदिष्ट ।
तस्या दिशि अनुपश्चात् सम्प्रल्मिट सम्यक्प्रेषितोयोश्योऽपरो यायाद् गच्छेत् तेन सह सयोग इति ।;तस्या दिशि अनुपश्चात् सम्प्रल्मिट सम्यक्प्रेषितो योश्योऽपरो यायाद् गच्छेत् तेन सह सयोग इति ।;तस्या दिशि अनुपश्चात् सम्प्रलग्नम् सम्यक्प्रेषितो योश्योऽपरो यायाद् गच्छेत् तेन सह संयोग इति ।
पुनययाह--षुंराशिलग्ने विषमे तिथौ चदिक्स्थः प्रदीप्तः शकुनो नराख्यःवाक्षयं तदा संग्रहणं नराणांमिश्रे भवेत् पण्डकसम्प्रयोगः ।;पुनरप्याह-- षुंराशिलग्ने विषमे तिथौ च दिक्स्थः प्रदीप्तः शकुनो नराख्यः वाक्षयं तदा संग्रहणं नराणां मिश्रे भवेत् पण्डकसम्प्रयोगः ।;पुनययाह-- पुराशिलग्ने विषमे तिथौ च दिक्स्थः प्रदीप्तः शकुनो नराख्यः वाक्षयं तदा संग्रहणं नराणांमिश्रे भवेत् पण्डकसम्प्रयोगः ।
पुराशयो मेषादय षड् विषमा मेषमिथुनसिहतुलाधन्विकुम्भा ।;पुराशयो मेषादय षड् विषमा मेषमिथुनसिहतुलाधन्विकुम्भा ।;पुराशयो मेषादय षड् विषमा मेषमिथुनसिहतुलाधन्विकुम्भा ।
विषमा-स्तिथय सख्यया प्रतिपत् तृतीया पञ्चमी सप्तमी नवमी एकादशी त्रयोदशीपञ्चदशी चेति।;विषमास्तिथयसख्यया प्रतिपत् तृतीया पञ्चमी सप्तमी नवमी एकादशी त्रयोदशीपञ्चदशी चेति।;विषमा-स्तिथय सख्यया प्रतिपत् तृतीया पञ्चमी सप्तमी नवमी एकादशी त्रयोदशीपञ्चदशी चेति।
नराख्य पुरुषाख्य शकुनो दिक्स्थितो दिशि पूर्वस्या दक्षिणस्यापश्चिमायामुत्तरस्या वा स्थित प्रदीप्तश्च यदि भधति तदा नराणा पुरुषाणा वासग्रहण सयोगो वाच्य वक्तव्यम् ।;नराख्य पुरुषाख्य शकुनो दिक्स्थितो दिशि पूर्वस्यादक्षिणस्या पश्चिमायामुत्तरस्या वा स्थित प्रदीप्तश्च यदि भधति तदा नराणा पुरुषाणा वा सग्रहण सयोगो वाच्य वक्तव्यम् ।;नराख्य पुरुषाख्य शकुनो दिक्स्थितो दिशि पूर्वस्या दक्षिणस्या पश्चिमायामुत्तरस्या वा स्थित प्रदीप्तश्च यदि भधति तदा नराणा पुरुषाणा वासग्रहण सयोगो वाच्य वक्तव्यम् ।
मिश्रे भवेत् पण्डकसम्प्रयोग, पुराश्यादिषुव'' मिश्रेग स्थिते पुरुषराशिवर्गे लग्ने समाया तिथौ व्यत्यये वा ।;मिश्रे भवेत् पण्डकसम्प्रयोग, पुराश्यादिषु वर्गे मिश्रे स्थिते पुरुषराशिवर्गे लग्ने समाया तिथौ व्यत्यये वा ।;मिश्रे भवेत् पण्डकसम्प्रयोग, पुराश्यादिषुव'' मिश्रे स्थिते पुरुषराशिवर्गे लग्ने समाया तिथौ व्यत्यये वा ।
विदिक्स्थित पुरुषशकुनो विदिक्स्थित स्त्रीसज्ञो वा तदा पण्डकसम्प्रयोगो नपुसकेन सह समायोगोभवति ।;विदिक्स्थित पुरुष शकुनो विदिक्स्थित स्त्रीसज्ञो वा तदा पण्डकसम्प्रयोगो नपुसकेन सह समायोगो भवति ।;विदिक्स्थित पुरुषशकुनो विदिक्स्थित स्त्रीसज्ञो वा तदा पण्डकसम्प्रयोगो नपुसकेन सह समायोगो भवति ।
पुनरप्याह-एवं रवेः क्षेत्रनवांशलग्नेलग्ने स्थिते वा स्वयमेव सूर्ये ।;पुनरप्याह- एवं रवेः क्षेत्रनवांशलग्ने लग्ने स्थिते वा स्वयमेव सूर्ये ।;पुनरप्याह— एवं रवेः क्षेत्रनवांशलग्ने लग्ने स्थिते वा स्वयमेव सूर्ये ।
१. योऽन्योऽनुयायाद् दिशि सम्प्रदिष्ट इति पाशन्तरम् ।;१. योऽन्योऽनुयायाद् दिशि सम्प्रदिष्ट इति पाठान्तरम् ।;१. योऽन्योऽनुयायाद् दिशि सम्प्रदिष्ट इति पाशन्तरम् ।
﻿१०४२ साववृतिबहत्सहितायाम् [ अ. ९९व]कुर्याद्वव इति ।;१०४२ सविवृतिबृहत्संहितायाम् [ अ. ९९] कुर्याद्वव इति ।;१०४२ साववृतिबृहत्संहितायाम् [ अ. ९९व] कुर्याद्वव इति ।
ववे ववाख्ये करणे ।;ववे ववाख्ये करणे ।;ववे ववाख्ये करणे ।
शुभानि प्रशस्तानि यानि धर्मादीनिकार्याणि ।;शुभानि प्रशस्तानि यानि धर्मादीनि कार्याणि ।;शुभानि प्रशस्तानि यानि धर्मादीनि कार्याणि ।
तथा चराणि स्वल्पकालसाध्यानि क्षिप्रोपयोगीनि ।;तथा चराणि स्वल्पकालसाध्यानि क्षिप्रोपयोगीनि ।;तथा चराणि स्वल्पकालसाध्यानि क्षिप्रोपयोगीनि ।
स्थिराणि कालान्तर-स्थायीनि ।;स्थिराणि कालान्तर- स्थायीनि ।;स्थिराणि कालान्तर-स्थायीनि ।
तथा पौद्रूइटकानि शरीरपुप्टि यानि जनयन्ति ।;तथा पौद्रूइटकानि शरीरपुप्टि यानि जनयन्ति ।;तथा पौद्रूइटकानि शरीरपुप्टि यानि जनयन्ति ।
तानि कुर्यात् ।;तानि कुर्यात् ।;तानि कुर्यात् ।
वालवाख्येधर्मक्रिया धर्मसमायुक्ता. क्रिया ।;वालवाख्ये धर्मक्रिया धर्मसमायुक्ता. क्रिया ।;वालवाख्ये धर्मक्रिया धर्मसमायुक्ता. क्रिया ।
तथा द्विजाना ब्राह्मणाना च हितान्यनुकूलानिकार्याणि ।;तथा द्विजाना ब्राह्मणाना च हितान्यनुकूलानि कार्याणि ।;तथा द्विजाना ब्राह्मणाना च हितान्यनुकूलानि कार्याणि ।
सम्प्रीति केनचित् स्नेह ।;सम्प्रीति केनचित् स्नेह ।;सम्प्रीति केनचित् स्नेह ।
मित्र सुहृत् ।;मित्र सुहृत् ।;मित्र सुहृत् ।
वरणकन्यावरणम् ।;वरणकन्यावरणम् ।;वरणकन्यावरणम् ।
एतानि चकार्याणि कौलवे स्युभवेयु ।;एतानि च कार्याणि कौलवे स्युभवेयु ।;एतानि च कार्याणि कौलवे स्युभवेयु ।
सौभाग्य सुभगत्व येन कर्मणा सर्वजनवाल्लभ्य भवतितत्सौभमुयम् ।;सौभाग्य सुभगत्व येन कर्मणा सर्वजनवाल्लभ्य भवति तत्सौभमुयम् ।;सौभाग्य सुभगत्व येन कर्मणा सर्वजनवाल्लभ्य भवति तत्सौभमुयम् ।
सश्रय कश्चित् प्रधानजन सश्लिष्यते ।;सश्रय कश्चित् प्रधानजन सश्लिष्यते ।;सश्रय कश्चित् प्रधानजन सश्लिष्यते ।
गृह भवनम् ।;गृह भवनम् ।;गृह भवनम् ।
एतानितैतिलाख्ये कार्याणि ।;एतानि तैतिलाख्ये कार्याणि ।;एतानि तैतिलाख्ये कार्याणि ।
कृषिबीजेति ।;कृषिबीजेति ।;कृषिबीजेति ।
कृषि. कर्षणम् ।;कृषि. कर्षणम् ।;कृषि. कर्षणम् ।
बीजानि प्रसिद्धानि यान्युप्यन्ते ।;बीजानि प्रसिद्धानि यान्युप्यन्ते ।;बीजानि प्रसिद्धानि यान्युप्यन्ते ।
गृहाश्रयजम् ।;गृहाश्रयजम् ।;गृहाश्रयजम् ।
गृह वेश्म आश्रित्य यज्जायत उत्पद्यते ।;गृह वेश्म आश्रित्य यज्जायत उत्पद्यते ।;गृह वेश्म आश्रित्य यज्जायत उत्पद्यते ।
एतानि सर्वाणि गरे कार्याणि ।;एतानि सर्वाणि गरे कार्याणि ।;एतानि सर्वाणि गरे कार्याणि ।
धुवाणिस्थिराणि यानि कार्याणि ।;धुवाणि स्थिराणि यानि कार्याणि ।;धुवाणि स्थिराणि यानि कार्याणि ।
वणिग् वाणिज्यम् ।;वणिग् वाणिज्यम् ।;वणिग् वाणिज्यम् ।
युति केनचित् सह सयोग ।;युति केनचित् सह सयोग ।;युति केनचित् सह संयोग ।
एतान्येववणिजि कार्याणि ।;एतान्येव वणिजि कार्याणि ।;एतान्येववणिजि कार्याणि ।
विष्टिकृत न हि शुभ श्रेयस्कर फल विदधातिकरोति, केवलपराणा शत्रूणाघाते निपाते विषादिषु विष९योगेऽमुइनदाहादौ चसिद्धिकरम् ।;विष्टिकृत न हि शुभ श्रेयस्कर फल विदधातिकरोति, केवल पराणा शत्रूणाघाते निपाते विषादिषु विष९योगेऽमुइनदाहादौ चसिद्धिकरम् ।;विष्टिकृत न हि शुभ श्रेयस्कर फल विदधातिकरोति, केवलपराणा शत्रूणाघाते निपाते विषादिषु विष९योगेऽग्निदाहादौ च सिद्धिकरम् ।
तथा स्थिरकरणैर्यत् कर्तव्य तदाह-कार्य पौष्टिकमौषधादि शकुनौ मूलानि मन्त्रास्तथागोकार्याणि चसूप्यक्षूदे द्विजपितुनुद्दिश्य राज्यानि च ।;तथा स्थिरकरणैर्यत् कर्तव्य तदाह- कार्य पौष्टिकमौषधादि शकुनौ मूलानि मन्त्रास्तथा गोकार्याणि चसूप्यक्षूदे द्विजपितुनुद्दिश्य राज्यानि च ।;तथा स्थिरकरणैर्यत् कर्तव्य तदाह- कार्य पौष्टिकमौषधादि शकुनौ मूलानि मन्त्रास्तथा गोकार्याणि च सूप्यक्षूदे द्विजपितुनुद्दिश्य राज्यानि च ।
नागे स्थावरदारुणानि हरणं दौर्भाग्यकर्माण्यतःकिंस्तुघ्ने शुभमिष्टिपुष्टिकरणं मङ्गल्यसिद्धिक्रियाः ।;नागे स्थावरदारुणानि हरणं दौर्भाग्यकर्माण्यतः किंस्तुघ्ने शुभमिष्टिपुष्टिकरणं मङ्गल्यसिद्धिक्रियाः ।;नागे स्थावरदारुणानि हरणं दौर्भाग्यकर्माण्यतः किंस्तुघ्ने शुभमिष्टिपुष्टिकरणं मङ्गल्यसिद्धिक्रियाः ।
कार्य पौष्टिकमिति ।;कार्य पौष्टिकमिति ।;कार्य पौष्टिकमिति ।
पौष्टिक शरीरपुष्टिकरम् ।;पौष्टिक शरीरपुष्टिकरम् ।;पौष्टिक शरीरपुष्टिकरम् ।
औषध यद्व्याधिविनाशा-योपयुज्यते ।;औषध यद्व्याधिविनाशा- योपयुज्यते ।;औषध यद्व्याधिविनाशा- योपयुज्यते ।
आदिग्रहणादन्यौषधादीना ग्रहण पचनपाचनम् ।;आदिग्रहणादन्यौषधादीना ग्रहण पचनपाचनम् ।;आदिग्रहणादन्यौषधादीना ग्रहण पचनपाचनम् ।
मूलानिमूलकर्माणि ।;मूलानिमूलकर्माणि ।;मूलानिमूलकर्माणि ।
मूलाना ग्रहण रोपण भक्षण च ।;मूलाना ग्रहण रोपण भक्षण च ।;मूलाना ग्रहण रोपण भक्षण च ।
तथा मन्त्रा मन्त्रसाधनानि ।;तथा मन्त्रा मन्त्रसाधनानि ।;तथा मन्त्रा मन्त्रसाधनानि ।
एतत् सर्व शकुनौकार्यम् ।;एतत् सर्व शकुनौ कार्यम् ।;एतत् सर्व शकुनौ कार्यम् ।
गोकार्याणि गवा सबन्धीनि यानिकार्याणिशुभ ग्रहण दानेन तत्पालन च ।;गोकार्याणि गवा सबन्धीनि यानिकार्याणिशुभ ग्रहण दानेन तत्पालन च ।;गोकार्याणि गवा सबन्धीनि यानिकार्याणि शुभ ग्रहण दानेन तत्पालन च ।
तथा द्विजान् ब्राह्मणान् पितृनुद्दिश्य तदर्थ यानि तानि चतुष्पदे कार्याणि ।;तथा द्विजान् ब्राह्मणान् पितृनुद्दिश्य तदर्थ यानि तानि चतुष्पदे कार्याणि ।;तथा द्विजान् ब्राह्मणान् पितृनुद्दिश्य तदर्थ यानि तानि चतुष्पदे कार्याणि ।
राज्यानिराजकार्याणि ।;मूलानिमूलकर्माणि ।;राज्यानि राजकार्याणि ।
स्थावर स्थावराश्रय कार्यम् ।;स्थावर स्थावराश्रय कार्यम् ।;स्थावर स्थावराश्रय कार्यम् ।
दारुणानि क्रूराणि च यानि कार्याणिपरोपतापकरणानि ।;दारुणानि क्रूराणि च यानि कार्याणि परोपतापकरणानि ।;दारुणानि क्रूराणि च यानि कार्याणि परोपतापकरणानि ।
हरण परधनदारस्थावरादीनाम् ।;हरण परधनदारस्थावरादीनाम् ।;हरण परधनदारस्थावरादीनाम् ।
दौर्भाण्यकर्माणि दुर्भगत्वसर्वजनद्वेष्य यैरवाप्यते तानि नागे कार्याणि।;दौर्भाण्यकर्माणि दुर्भगत्व सर्वजनद्वेष्य यैरवाप्यते तानि नागे कार्याणि।;दौर्भाण्यकर्माणि दुर्भगत्वसर्वजनद्वेष्य यैरवाप्यते तानि नागे कार्याणि।
शुभ धर्मसयुक्त कर्म ।;शुभ धर्मसयुक्त कर्म ।;शुभ धर्मसयुक्त कर्म ।
इष्टय. पुत्र-काम्यादय. ।;इष्टय. पुत्र- काम्यादय. ।;इष्टय. पुत्र-काम्यादय. ।
पुष्टिकरण शरीरपोषणम् ।;पुष्टिकरण शरीरपोषणम् ।;पुष्टिकरणं शरीरपोषणम् ।
मङ्गल्यानि विवाहादीनि ।;मङ्गल्यानि विवाहादीनि ।;मङ्गल्यानि विवाहादीनि ।
सिद्धिक्रियायाभिः क्यिआभिरेते सिद्ध्यन्ति ।;सिद्धिक्रिया याभिः क्यिआभिरेते सिद्ध्यन्ति ।;सिद्धिक्रियायाभिः क्रियाभिरेते सिद्ध्यन्ति ।
सर्वमेतत् किस्तुष्ये कार्यम् ।;सर्वमेतत् किस्तुष्ये कार्यम् ।;सर्वमेतत् किस्तुष्ये कार्यम् ।
तथा च गर्ग.-आद्य तु शकुनिर्नाम रात्रौ कृष्णचतुर्दशी ।;तथा च गर्ग.- आद्य तु शकुनिर्नाम रात्रौ कृष्णचतुर्दशी ।;तथा च गर्ग.- आद्य तु शकुनिर्नाम रात्रौ कृष्णचतुर्दशी ।
आदानग्रहणे चवमिष्टमत्र पलायनम् ।;आदानग्रहणे चवमिष्टमत्र पलायनम् ।;आदानग्रहणे चवमिष्टमत्र पलायनम् ।
﻿[अ. ९७] नक्षत्रर्ज्ज्वुण'घ्शय ।;[अ. ९७] नक्षत्रकर्मणाध्यायः ।;[अ. ९७] नक्षत्रर्ज्ज्वुण'घ्शय ।
१०२७शत शतभिषज ।;१०२७ शत शतभिषज ।;१०२७ शत शतभिषज ।
केचिच्छरा पञ्चेति पठन्ति ।;केचिच्छरा पञ्चेति पठन्ति ।;केचिच्छरा पञ्चेति पठन्ति ।
पक्षौद्वौ पूर्वभद्रपदाया ।;पक्षौद्वौ पूर्वभद्रपदाया ।;पक्षौद्वौ पूर्वभद्रपदाया ।
वसवोऽष्टउत्तरभद्रपदाया ।;वसवोऽष्ट उत्तरभद्रपदाया ।;वसवोऽष्टउत्तरभद्रपदाया ।
द्वात्रिष्ट रेवत्या ।;द्वात्रिष्ट रेवत्या ।;द्वात्रिष्ट रेवत्या ।
इत्येवप्रकार तारकामानम् ।;इत्येवप्रकार तारकामानम् ।;इत्येवप्रकार तारकामानम् ।
नक्षत्राणामेषांचक्रमश परिपाट्या ताराप्रमाणेन तत्सख्यया कालो ज्ञेयश्चेत्याह--नक्षत्रजमुद्वाहइति ।;नक्षत्राणामेषां चक्रमश परिपाट्या ताराप्रमाणेन तत्सख्यया कालो ज्ञेयश्चेत्याह--नक्षत्रजमुद्वाह इति ।;नक्षत्राणामेषां चक्रमश परिपाट्या ताराप्रमाणेन तत्सख्यया कालो ज्ञेयश्चेत्याह--नक्षत्रजमुद्वाह इति ।
उद्वाहे विव--।;उद्वाहे विव--।;उद्वाहे विव--।
प्ते- नक्षत्रस्य यत् फल सदसच्छुभन्नशुभ वा तारकामितस्तारका-सख्यैरव्दैर्वपैर्वक्तव्यम् ।;उद्वाहे विवाहे नक्षत्रस्य यत् फल सदसच्छुभन्नशुभ वा तारकामितस्तारका- सख्यैरव्दैर्वपैर्वक्तव्यम् ।;प्ते- नक्षत्रस्य यत् फल सदसच्छुभन्नशुभ वा तारकामितस्तारका- सख्यैरव्दैर्वपैर्वक्तव्यम् ।
यथा--''मृगशिरसि मज्ज्ञायाम्' इति ।;यथा--''मृगशिरसि मज्ज्ञायाम्' इति ।;यथा--''मृगशिरसि मज्ज्ञायाम्' इति ।
यथा--''बहुसुरवे-सुतदासीवित्तसौभाग्ययुक्ता' इ०तइ ।;यथा--''बहुसुरवे- सुतदासीवित्तसौभाग्ययुक्ता' इ०तइ ।;यथा--''बहुसुरवे-सुतदासीवित्तसौभाग्ययुक्ता' इ०तइ ।
यात् फलसच्छोभन तथार्द्राद्ये भचतुष्टये नेति ।;यात् फलसच्छोभन तथार्द्राद्ये भचतुष्टये नेति ।;यात् फलसच्छोभन तथार्द्राद्ये भचतुष्टये नेति ।
सदसत्फल शुभ दुष्ट तत्तारकामितैस्तारकासख्यैरब्दैर्भवति ।;सदसत्फल शुभ दुष्ट तत्तारकामितैस्तारकासख्यैरब्दैर्भवति ।;सदसत्फल शुभ दुष्ट तत्तारकामितैस्तारकासख्यैरब्दैर्भवति ।
दिवक्तैर्वरस्यनाश इति ।;दिवक्तैर्वरस्य नाश इति ।;दिवक्तैर्वरस्यनाश इति ।
तारकामितैर्दिवसैर्ज्वरस्योत्प९स्य नाशो वाच्यो ववतष्य ।;तारकामितैर्दिवसैर्ज्वरस्योत्प९स्य नाशो वाच्यो ववतष्य ।;तारकामितैर्दिवसैर्ज्वरस्योत्प९स्य नाशो वाच्यो ववतष्य ।
अथ नक्षत्रदेवता आहअश्विथमददहनकमलजशशिशूलभृददितिजीवफणिपितरः ।;अथ नक्षत्रदेवता आह अश्विथमददहनकमलजशशिशूलभृददितिजीवफणिपितरः ।;अथ नक्षत्रदेवता आह अश्विथमददहनकमलजशशिशूलभृददिति जीवफणिपितरः ।
योन्यर्यमदिनकृत्त्वष्टृद्भूवनशक्राग्निश्वित्राश्च ।;योन्यर्यमदिनकृत्त्वष्टृद्भूवनशक्राग्निश्वित्राश्च ।;योन्यर्यमदिनकृत्त्वष्टृद्भूवनशक्राग्निश्वित्राश्च ।
शक्रो निऋईतिस्तोयं विश्वे ब्रह्मा हरिर्वसुर्वरुणः ।;शक्रो निरॄतिस्तोयं विश्वे ब्रह्मा हरिर्वसुर्वरुणः ।;शक्रो निऋईतिस्तोयं विश्वे ब्रह्मा हरिर्वसुर्वरुणः ।
अजकदोऽहिर्बुध्न्यः पूषा चेतीश्वरा भानाम् ।;अजकदोऽहिर्बुध्न्यः पूषा चेतीश्वरा भानाम् ।;अजकदोऽहिर्बुध्न्यः पूषा चेतीश्वरा भानाम् ।
अश्वियमदहनेति ।;अश्वियमदहनेति ।;अश्वियमदहनेति ।
अश्व्यादीनाक्रमयो भानानक्षत्राणामीश्वरा ।;अश्व्यादीनाक्रमयो भानानक्षत्राणामीश्वरा ।;अश्व्यादीनाक्रमयो भानानक्षत्राणामीश्वरा ।
यमो भरण्या ।;यमो भरण्या ।;यमो भरण्या ।
दहनोऽरिन कृत्तिकाया ।;दहनोऽरिन कृत्तिकाया ।;दहनोऽग्निन कृत्तिकाया ।
कमलजो ब्रह्मारोहिण्या।;कमलजो ब्रह्मा रोहिण्या।;कमलजो ब्रह्मारोहिण्या।
शथा चन्द्रोमृगशिरस. ।;शथा चन्द्रोमृगशिरस. ।;शथा चन्द्रोमृगशिरस. ।
शूलभृद्रुद्र आर्द्राया ।;शूलभृद्रुद्र आर्द्राया ।;शूलभृद्रुद्र आर्द्राया ।
आदित्य पुनर्वसो ।;आदित्य पुनर्वसो ।;आदित्य पुनर्वसो ।
जीवोबृहस्पतिस्तिष्यस्य ।;अश्वियमदहनेति ।;जीवोबृहस्पतिस्तिष्यस्य ।
फणी सर्प आश्लेषाया ।;फणी सर्प आश्लेषाया ।;फणी सर्प आश्लेषाया ।
पितरो मघाया ।;पितरो मघाया ।;पितरो मघाया ।
योनिर्भग पूर्व-फलत्युया ।;योनिर्भग पूर्व- फलत्युया ।;योनिर्भग पूर्व- फलत्युया ।
अर्यमाउत्तरफल्गुन्या ।;अर्यमाउत्तरफल्गुन्या ।;अर्यमाउत्तरफल्गुन्या ।
दिनकृदादित्यो हस्तस्य ।;दिनकृदादित्यो हस्तस्य ।;दिनकृदादित्यो हस्तस्य ।
त्वष्टाचित्राया ।;त्वष्टाचित्राया ।;त्वष्टाचित्राया ।
पण्णोवायु. स्वाते ।;पण्णो वायु. स्वाते ।;पण्णो वायु. स्वाते ।
शक्राग्नी इन्द्रा नी विशाखाया ।;शक्राग्नी इन्द्रा नी विशाखाया ।;शक्राग्नी इन्द्रा नी विशाखाया ।
मित्रोऽनुराधाया ।;मित्रोऽनुराधाया ।;मित्रोऽनुराधाया ।
शक्र इन्द्रोज्येष्ठाया ।;शक्र इन्द्रो ज्येष्ठाया ।;शक्र इन्द्रोज्येष्ठाया ।
निऋर्ती राक्षसो मूलस्य ।;निऋर्ती राक्षसो मूलस्य ।;निऋर्ती राक्षसो मूलस्य ।
तोय जलपूर्वाषाढाया ।;तोय जलपूर्वाषाढाया ।;तोय जलपूर्वाषाढाया ।
विश्वे देवा उत्तरा-षाढाया ।;विश्वे देवा उत्तरा- षाढाया ।;विश्वे देवा उत्तरा-षाढाया ।
ब्रह्माऽभिजित ।;ब्रह्माऽभिजित ।;ब्रह्माऽभिजित ।
हरिर्विष्णु श्रवणास्य ।;हरिर्विष्णु श्रवणास्य ।;हरिर्विष्णु श्रवणास्य ।
वसुर्धगिठाया ।;वसुर्धगिठाया ।;वसुर्धगिठाया ।
वरुणोऽपव्यपतिशतभिषज ।;मित्रोऽनुराधाया ।;वरुणोऽपव्यपतिशतभिषज ।
अजपादोऽजैकपात् पूर्वभद्रपदाया ।;अजपादोऽजैकपात् पूर्वभद्रपदाया ।;अजपादोऽजैकपात् पूर्वभद्रपदाया ।
अहिर्बू८य उत्तरभद्रपदाया ।;अहिर्बुध्न्य उत्तरभद्रपदाया ।;अहिर्बू८य उत्तरभद्रपदाया ।
पूषा रेवत्या ।;पूषा रेवत्या ।;पूषा रेवत्या ।
चशब्द. सक्त्युवये ।;चशब्द. सक्त्युवये ।;चशब्द. सक्त्युवये ।
इत्येवप्रकारा भाना नक्षत्राणामीश्वरा स्वामिनोनक्षत्रदेवता. ।;इत्येवप्रकारा भाना नक्षत्राणामीश्वरा स्वामिनो नक्षत्रदेवता. ।;इत्येव प्रकारा भाना नक्षत्राणामीश्वरा स्वामिनो नक्षत्रदेवता. ।
अधुना ध्रुवाणि नक्षत्राणि तैश्च यानि कर्माणि क्रियन्ते तानि चाह--त्रीण्युत्तराणि तेभ्यो रोहिण्यश्च ध्रुवाणि तैः कुर्यात् ।;अधुना ध्रुवाणि नक्षत्राणि तैश्च यानि कर्माणि क्रियन्ते तानि चाह-- त्रीण्युत्तराणि तेभ्यो रोहिण्यश्च ध्रुवाणि तैः कुर्यात् ।;अधुना ध्रुवाणि नक्षत्राणि तैश्च यानि कर्माणि क्रियन्ते तानि चाह— त्रीण्युत्तराणि तेभ्यो रोहिण्यश्च ध्रुवाणि तैः कुर्यात् ।
अभिछेकशान्तितरुनगरधर्मबीजध्रुवारम्भान् ।;अभिछेकशान्तितरुनगरधर्मबीजध्रुवारम्भान् ।;अभिछेकशान्तितरुनगरधर्मबीजध्रुवारम्भान् ।
﻿१००० सविधूतिबृहत्सहितायाम् [अभ् ९५]इष्टप्रणीतानि विभाजितानिनामानि केन्द्रक्रमशः प्रवक्ष्ये ।;१००० सविवृतिबृहत्संहितायाम् [अ.९५] इष्टप्रणीतानि विभाजितानि नामानि केन्द्रक्रमशः प्रवक्ष्ये ।;१००० सविधूतिबृहत्संहितायाम् [अ.९५] इष्टप्रणीतानि विभाजितानि नामानि केन्द्रक्रमशः प्रवक्ष्ये ।
अतोऽस्मात् प्रश्नज्ञानात् परमनन्तर लोकनिरूपितानि लोकैर्जनैर्निरूपितानिसर्वलोकप्रसिद्धानि द्रव्येषु धातुमूलजीवेषु नानाक्षरेभ्योऽनेकप्रकारवर्णेभ्य सग्रहोयेषा तानि ।;अतोऽस्मात् प्रश्नज्ञानात् परमनन्तर लोकनिरूपितानि लोकैर्जनैर्निरूपितानि सर्वलोकप्रसिद्धानि द्रव्येषु धातुमूलजीवेषु नानाक्षरेभ्योऽनेकप्रकारवर्णेभ्य सग्रहो येषा तानि ।;अतोऽस्मात् प्रश्नज्ञानात् परमनन्तर लोकनिरूपितानि लोकैर्जनैर्निरूपितानि सर्वलोकप्रसिद्धानि द्रव्येषु धातुमूलजीवेषु नानाक्षरेभ्योऽनेकप्रकारवर्णेभ्य सग्रहो येषा तानि ।
सग्रह एकीकरणम् ।;सग्रह एकीकरणम् ।;सग्रह एकीकरणम् ।
इष्टप्रणीतानि, इष्टैराप्तैर्नार।;इष्टप्रणीतानि, इष्टैराप्तैर्नार।;इष्टप्रणीतानि, इष्टैराप्तैर्नार।
यणार्कवसिष्ठ-पराशरमयप्रभृतिभि प्रणीतानि निर्मितानि ।;यणार्कवसिष्ठपराशरमयप्रभृतिभि प्रणीतानि निर्मितानि ।;यणार्कवसिष्ठ- पराशरमयप्रभृतिभि प्रणीतानि निर्मितानि ।
विभाजितानि विभागीकृतानिनामानि सज्ञारूपाण्यभिधानानि केन्द्रद्रक्रमशश्चतुष्टयपरिपाट्या प्रवक्ष्ये कथ-यिष्ये ।;विभाजितानि विभागीकृतानि नामानि सज्ञारूपाण्यभिधानानि केन्द्रद्रक्रमशश्चतुष्टयपरिपाट्या प्रवक्ष्ये कथयिष्ये ।;विभाजितानि विभागीकृतानि नामानि सज्ञारूपाण्यभिधानानि केन्द्रद्रक्रमशश्चतुष्टयपरिपाट्या प्रवक्ष्ये कथ-यिष्ये ।
तत्र क्त्यज्ञानमाहलग्नाम्बुसंस्थास्तनभःस्थितेषुक्षेत्रेषु ये लग्नगता गृहांशाः ।;तत्र क्रमज्ञानमाह लग्नाम्बुसंस्थास्तनभःस्थितेषु क्षेत्रेषु ये लग्नगता गृहांशाः ।;तत्र क्रमज्ञानमाह लग्नाम्बुसंस्थास्तनभःस्थितेषु क्षेत्रेषु ये लग्नगता गृहांशाः ।
तेभ्योऽक्षरागयात्मगृहाश्रयाणिविन्द्याद् ग्रहाणां स्वगणक्रमेण ।;तेभ्योऽक्षरागयात्मगृहाश्रयाणि विन्द्याद् ग्रहाणां स्वगणक्रमेण ।;तेभ्योऽक्षरागयात्मगृहाश्रयाणि विन्द्याद् ग्रहाणां स्वगणक्रमेण ।
लग्नसस्थो वितपनस्थ ।;लग्नसस्थो वितपनस्थ ।;लग्नसस्थो वितपनस्थ ।
अम्बुसस्थश्चतुर्थस्थानस्थ ।;अम्बुसस्थश्चतुर्थस्थानस्थ ।;अम्बुसस्थश्चतुर्थस्थानस्थ ।
नभस्थितो दशमस्थ ।;नभस्थितो दशमस्थ ।;नभस्थितो दशमस्थ ।
एतेषु च क्षेत्रेषु राशिषु ये लग्नगता गृहाशा ।;एतेषु च क्षेत्रेषु राशिषु ये लग्नगता गृहाशा ।;एतेषु च क्षेत्रेषु राशिषु ये लग्नगता गृहाशा ।
गृहाणा राशीना मेषादीना येषा नवभागा लरुनगता प्रमुलसनात्किवाश्रितास्तेभ्योगृहाशेभ्योऽक्षराणि वर्णा आत्मगृहाश्रयाणि--आत्मगृह स्वभवनमाश्रय स्थान येषातानि विन्याद् जानीयात्, ग्रहाणा रयादीना स्वद्वाणक्रमेण स्ववर्गपरिपाट्या ।;गृहाणा राशीना मेषादीना येषा नवभागा लरुनगता प्रमुलसनात्किवाश्रितास्तेभ्यो गृहाशेभ्योऽक्षराणि वर्णा आत्मगृहाश्रयाणि--आत्मगृह स्वभवनमाश्रय स्थान येषा तानि विन्याद् जानीयात्, ग्रहाणा रयादीना स्वद्वाणक्रमेण स्ववर्गपरिपाट्या ।;गृहाणा राशीना मेषादीना येषा नवभागा लरुनगता प्रमुलसनात्किवाश्रितास्तेभ्यो गृहाशेभ्योऽक्षराणि वर्णा आत्मगृहाश्रयाणि-- आत्मगृह स्वभवनमाश्रय स्थान येषातानि विन्याद् जानीयात्, ग्रहाणा रयादीना स्वद्वाणक्रमेण स्ववर्गपरिपाट्या ।
अथ ग्रहाणा वपाआर्नाहकवर्गपूर्वान् कुजशुक्रछान्द्रि-जीवार्कजानां प्रवदन्ति वर्गान् ।;अथ ग्रहाणा वपाआर्नाह कवर्गपूर्वान् कुजशुक्रछान्द्रि- जीवार्कजानां प्रवदन्ति वर्गान् ।;अथ ग्रहाणा वपाआर्नाहकवर्गपूर्वान् कुजशुक्रछान्द्रि-जीवार्कजानां प्रवदन्ति वर्गान् ।
यकारपूर्वाः शशिनो निरुक्तावर्णास्त्वकारप्रभवा रवेः स्युः ।;यकारपूर्वाः शशिनो निरुक्ता वर्णास्त्वकारप्रभवा रवेः स्युः ।;यकारपूर्वाः शशिनो निरुक्तावर्णास्त्वकारप्रभवा रवेः स्युः ।
कवर्गपूर्वान् कवर्गाद्यान् वर्गान् यथाक्रमेण कुजादीनां ग्रहाणा परिपाट्याप्रवदन्ति मुनय ।;कवर्गपूर्वान् कवर्गाद्यान् वर्गान् यथाक्रमेण कुजादीनां ग्रहाणा परिपाट्या प्रवदन्ति मुनय ।;कवर्गपूर्वान् कवर्गाद्यान् वर्गान् यथाक्रमेण कुजादीनां ग्रहाणा परिपाट्या प्रवदन्ति मुनय ।
तद्यथा--कवर्सा कुजस्य भौमस्य ।;तद्यथा--कवर्सा कुजस्य भौमस्य ।;तद्यथा--कवर्सा कुजस्य भौमस्य ।
चवर्श शुक्रस्य ।;चवर्श शुक्रस्य ।;चवर्श शुक्रस्य ।
तवर्शो जीवस्य गुरो ।;तवर्शो जीवस्य गुरो ।;तवर्शो जीवस्य गुरो ।
पवर्गोऽर्कजस्य सौरस्य ।;पवर्गोऽर्कजस्य सौरस्य ।;पवर्गोऽर्कजस्य सौरस्य ।
यकारपूर्वा यकाराद्यष्टौवर्णा शशिनश्चन्द्रस्य निरुस्ता कथिता ।;यकारपूर्वा यकाराद्यष्टौ वर्णा शशिनश्चन्द्रस्य निरुस्ता कथिता ।;यकारपूर्वा यकाराद्यष्टौवर्णा शशिनश्चन्द्रस्य निरुस्ता कथिता ।
जत्कार प्रभव आद्योयेषा वर्णानामक्षराणाते अकारप्रभवा रवेरर्कस्य स्युर्भवेयु ।;जत्कार प्रभव आद्योयेषा वर्णानामक्षराणा ते अकारप्रभवा रवेरर्कस्य स्युर्भवेयु ।;जत्कार प्रभव आद्यो येषा वर्णानामक्षराणाते अकारप्रभवा रवेरर्कस्य स्युर्भवेयु ।
तद्यथा--अ आ इ ई उ ऊ ए ऐ ओ औ अं अ;तद्यथा--अ आ इ ई उ ऊ ए ऐ ओ औ अं अ;तद्यथा--अ आ इ ई उ ऊ ए ऐ ओ औ अं अ
﻿१०१६ सविवृतिबृह्यसहितायाम् अ. ९५]मापतति ।;धन्विनोऽष्टमनवाशकाधिपतिभौमस्तदीयवर्गात ततीयमक्षर गकार- मापतति ।;१०१६ सविवृतिबृह्यसहितायाम् [अ. ९५] मापतति ।
धन्विनोऽष्टमनवाशकाधिपतिभौमस्तदीयवर्गात ततीयमक्षर गकार-मापतति ।;धन्विनोऽष्टमनवाशकाधिपतिभौमस्तदीयवर्गात ततीयमक्षर गकार- मापतति ।;धन्विनोऽष्टमनवाशकाधिपतिभौमस्तदीयवर्गात ततीयमक्षर गकार- मापतति ।
मीनस्याष्टमनवाशकाधिपति सौरस्तदीयवगात् तृतीयमक्षरमापतति ।;मीनस्याष्टमनवाशकाधिपति सौरस्तदीयवगात् तृतीयमक्षर मापतति ।;मीनस्याष्टमनवाशकाधिपति सौरस्तदीयवगात् तृतीयमक्षरमापतति ।
अत एवोक्तम्लग्ने जमोकारमथाम्बुसस्थे गमस्तसस्थे विदुरम्बरे बम् ।;अत एवोक्तम् लग्ने जमोकारमथाम्बुसस्थे गमस्तसस्थे विदुरम्बरे बम् ।;अत एवोक्तम् लग्ने जमोकारमथाम्बुसस्थे गमस्तसस्थे विदुरम्बरे बम् ।
मिथुनस्य नवभनवाशकाधिपतिर्युधस्तदीयवर्गाद् द्वितीयमक्षरमापतति ।;मिथुनस्य नवभनवाशकाधिपतिर्युधस्तदीयवर्गाद् द्वितीयमक्षर मापतति ।;मिथुनस्य नवभनवाशकाधिपतिर्युधस्तदीयवर्गाद् द्वितीयमक्षरमापतति ।
कन्याया नवमनवाशकाधिपतिर्बुधस्तदीयवर्गात तृतीयमक्षरमापतति ।;कन्याया नवमनवाशकाधिपतिर्बुधस्तदीयवर्गात तृतीयमक्षर मापतति ।;कन्याया नवमनवाशकाधिपतिर्बुधस्तदीयवर्गात तृतीयमक्षरमापतति ।
धविनो नवमनवाशकाधिपतिर्जीवस्तदीयवर्गाद् द्वितीयमक्षरमापतति ।;धविनो नवमनवाशकाधिपतिर्जीवस्तदीयवर्गाद् द्वितीयमक्षर मापतति ।;धविनो नवमनवाशकाधिपतिर्जीवस्तदीयवर्गाद् द्वितीयमक्षरमापतति ।
मीनस्य नवमनवाशकाधिपतिर्जीवस्तदीयवर्गात् तृतीयमक्षरमापतति ।;मीनस्य नवमनवाशकाधिपतिर्जीवस्तदीयवर्गात् तृतीयमक्षर मापतति ।;मीनस्य नवमनवाशकाधिपतिर्जीवस्तदीयवर्गात् तृतीयमक्षरमापतति ।
अत' एवोक्त-डठकव्खूरथकार-दकार-ठ लग्नगेऽन्त्ये हिबुकाश्रिते ड थमस्तयो द नभसि स्थिते वै ।;अत एवोक्त- ठ लग्नगेऽन्त्ये हिबुकाश्रिते ड थमस्तयो द नभसि स्थिते वै ।;अत एवोक्त-डठकव्खूरथकार-दकार-ठ लग्नगेऽन्त्ये हिबुकाश्रिते ड थमस्तयो द नभसि स्थिते वै ।
लरुनष च क३चदवमिच्छन्ति पूर्वोक्तविधानवत् सुव ।;पूर्वोक्तविधानवत् तु ।;लरुनष च क३चदवमिच्छन्ति पूर्वोक्तविधानवत् सुव ।
एवमनेन्तनन्तरोस्तेन प्रकारेण विकत्पो विकल्पना यस्याक्षरसग्रहस्यवर्णसघातस्य सोऽय नव्यनामभिधानाना निर्विशेषणौद्दिष्टमुक्त विस्थान विधिर्येन ।;एवमनेन्तनन्तरोस्तेन प्रकारेण विकत्पो विकल्पना यस्याक्षरसग्रहस्य वर्णसघातस्य सोऽय नव्यनामभिधानाना निर्विशेषणौद्दिष्टमुक्त विस्थान विधिर्येन ।;एवमनेन्तनन्तरोस्तेन प्रकारेण विकत्पो विकल्पना यस्याक्षरसग्रहस्य वर्णसघातस्य सोऽय नव्यनामभिधानाना निर्विशेषणौद्दिष्टमुक्त विस्थान विधिर्येन ।
उस्त' कथित. ।;उस्त' कथित. ।;उस्त' कथित. ।
सर्ज्जेवखिलेषु लपनेषु मेषादिषु राशिषु केचिदाज्जर्या एवमनेनप ९९'प्रकारेणेच्छीद्धृ सञ्छक्मइ ।;सर्ज्जेवखिलेषु लपनेषु मेषादिषु राशिषु केचिदाज्जर्या एवमनेनप्रकारेणेच्छन्ति वान्च्छन्ति ।;सर्ज्जेवखिलेषु लपनेषु मेषादिषु राशिषु केचिदाज्जर्या एवमनेन प ९९'प्रकारेणेच्छीद्धृ सञ्छक्मइ ।
पूर्वोक्तविधानवत् तु ।;पूर्वोक्तविधानवत् तु ।;पूर्वोक्तविधानवत् तु ।
पूर्वोस्तेन प्रागुद्दिष्टेन विधानेनतुल्य वर्तत इति पूर्वोक्तविधानवत् ।;पूर्वोस्तेन प्रागुद्दिष्टेन विधानेन तुल्य वर्तत इति पूर्वोक्तविधानवत् ।;पूर्वोस्तेन प्रागुद्दिष्टेन विधानेन तुल्य वर्तत इति पूर्वोक्तविधानवत् ।
मेषे ककार इत्यादिनेति ।;मेषे ककार इत्यादिनेति ।;मेषे ककार इत्यादिनेति ।
अत्रैव नामानयने प्रकारान्तरमाह-केन्द्राणि वा केन्द्रगतांशकैः स्वैःणितापृथक् पृथक् सगुनि कृत्वा ।;अत्रैव नामानयने प्रकारान्तरमाह- केन्द्राणि वा केन्द्रगतांशकैः स्वैः पृथक् पृथक् सगुनि कृत्वा ।;अत्रैव नामानयने प्रकारान्तरमाह- केन्द्राणि वा केन्द्रगतांशकैः स्वैः णितापृथक् पृथक् सगुनि कृत्वा ।
त्रिकृद्विभक्तं विदुरक्षरं तत्क्षेत्रेश्वरस्यान्त्यरिक्रङ्ग्यव्यम् ।;त्रिकृद्विभक्तं विदुरक्षरं तत् क्षेत्रेश्वरस्यान्त्यरिक्रङ्ग्यव्यम् ।;त्रिकृद्विभक्तं विदुरक्षरं तत्क्षेत्रेश्वरस्यान्त्यरिक्रङ्ग्यव्यम् ।
मेषादय. पृच्छालसना द्वादश- तेषा त्रयो भेदाश्चररिश्वफद्विक्त्यावाख्या ।;मेषादय. पृच्छालसना द्वादश- तेषा त्रयो भेदाश्चररिश्वफद्विक्त्यावाख्या ।;मेषादय. पृच्छालसना द्वादश- तेषा त्रयो भेदाश्चररिश्वफद्विक्त्यावाख्या ।
तत्र चरा मेषकर्कितुलमकरा ।;तत्र चरा मेषकर्कितुलमकरा ।;तत्र चरा मेषकर्कितुलमकरा ।
स्थिरा वृषसिहवृश्चिककुम्भा ।;स्थिरा वृषसिहवृश्चिककुम्भा ।;स्थिरा वृषसिहवृश्चिककुम्भा ।
द्विस्वभावा मिथुन-;द्विस्वभावा मिथुन-;द्विस्वभावा मिथुन-
﻿१०१२ सविधूतिवृहत्सहितायाम् [अ. ९५कृइश्चकस्य चतुर्थनवाशकाधिपति शुक्रस्तदीयवर्गाच्चतुर्थमक्षर क्षकारमापतति ।;१०१२ सविवृतिबृहत्संहितायाम् [अ. ९५ कृइश्चकस्य चतुर्थनवाशकाधिपति शुक्रस्तदीयवर्गाच्चतुर्थमक्षर क्षकारमापतति ।;१०१२ सविधूतिवृहत्सहितायाम् [अ. ९५ कृइश्चकस्य चतुर्थनवाशकाधिपति शुक्रस्तदीयवर्गाच्चतुर्थमक्षर क्षकारमापतति ।
कुम्भस्य चतुर्थनवाशकाधिपति सौरस्तदीयवर्गाच्चतुर्थमक्षर भकारमापतति ।;कुम्भस्य चतुर्थनवाशकाधिपति सौरस्तदीयवर्गाच्चतुर्थमक्षर भकारमापतति ।;कुम्भस्य चतुर्थनवाशकाधिपति सौरस्तदीयवर्गाच्चतुर्थमक्षर भकारमापतति ।
अतएवोस्तम्-वृषे घकारो हिबुके शकार कीटे झकारो नृघटे भकार ।;अतएवोस्तम्- वृषे घकारो हिबुके शकार कीटे झकारो नृघटे भकार ।;अतएवोक्तम्- वृषे घकारो हिबुके शकार कीटे झकारो नृघटे भकार ।
वृषस्य क्वचमनवाशकाधिपति शुक्रस्तदीयवंर्गात् पञ्चममक्षर जकार-मापतति ।;वृषस्य क्वचमनवाशकाधिपति शुक्रस्तदीयवंर्गात् पञ्चममक्षर जकार- मापतति ।;वृषस्य क्वचमनवाशकाधिपति शुक्रस्तदीयवंर्गात् पञ्चममक्षर जकार- मापतति ।
सिहस्य पञ्चमनवाशकाधिपति सूर्यस्तदीयवर्गात् पञ्चममक्षरमुकार-मापतति ।;सिहस्य पञ्चमनवाशकाधिपति सूर्यस्तदीयवर्गात् पञ्चममक्षरमुकार- मापतति ।;सिहस्य पञ्चमनवाशकाधिपति सूर्यस्तदीयवर्गात् पञ्चममक्षरमुकार- मापतति ।
वृश्चिकस्य पञ्चमनवाशकाधिपतिर्भोमस्तदीयवर्गात् क्कचममक्षरडकारमापतति ।;वृश्चिकस्य पञ्चमनवाशकाधिपतिर्भोमस्तदीयवर्गात् क्कचममक्षर डकारमापतति ।;वृश्चिकस्य पञ्चमनवाशकाधिपतिर्भोमस्तदीयवर्गात् क्कचममक्षरडकारमापतति ।
कुम्भस्य ङ्ग्यचमनवाशकाधिपति सौरस्तदीयवर्गात् क्त्वचममक्षरमकारमापतति ।;कुम्भस्य ङ्ग्यचमनवाशकाधिपति सौरस्तदीयवर्गात् क्त्वचममक्षर मकारमापतति ।;कुम्भस्य ङ्ग्यचमनवाशकाधिपति सौरस्तदीयवर्गात् क्त्वचममक्षरमकारमापतति ।
अत एवोस्तम्-लस्ते जकारो हिबुके उकार कीटे डकारो नृघटे मकार- ० इति।;अत एवोस्तम्- लस्ते जकारो हिबुके उकार कीटे डकारो नृघटे मकार- ० इति।;अत एवोक्तम्- लस्ते जकारो हिबुके उकार कीटे डकारो नृघटे मकार- ० इति।
अन्येष्वप्याहलग्ने ढकारोऽथ भालेश्चाज्यते धकारोऽम्वरगेवृषे षकारो हिबुकेकीटे पकारो नृघटे'ब्रम्बुक्त्वारᳲ -त्रुभेन्म??श्वइंऐ९७???वृषस्य षष्ठनवाशकाधिपतिर्बुधस्तदीयवर्गाच्चतुर्थमक्षर ढकारमापतति ।;वृषस्य षष्ठनवाशकाधिपतिर्बुधस्तदीयवर्गाच्चतुर्थमक्षर ढकारमापतति ।;अन्येष्वप्याहलग्ने ढकारोऽथ भालेश्चाज्यते धकारोऽम्वरगे वृषे षकारो हिबुकेकीटे पकारो नृघटे'ब्रम्बुक्त्वार -त्रुभेन्मश्वइंऐ९७वृषस्य षष्ठनवाशकाधिपतिर्बुधस्तदीयवर्गाच्चतुर्थमक्षर ढकारमापतति ।
सिहस्यषष्ठनवाशाधिपतिर्बुधस्तदीयवर्गात् पञ्चममक्षर णकारमापतति ।;सिहस्यषष्ठनवाशाधिपतिर्बुधस्तदीयवर्गात् पञ्चममक्षर णकारमापतति ।;सिहस्यषष्ठनवाशाधिपतिर्बुधस्तदीयवर्गात् पञ्चममक्षर णकारमापतति ।
अत एवोवतम्-लपने ढकारोऽय जले णकारश्चास्ते धकारोप्रबयो नकार ।;अत एवोवतम्- लग्ने ढकारोऽय जले णकारश्चास्ते धकारोप्रबयो नकार ।;अत एवोक्तम्- लपने ढकारोऽय जले णकारश्चास्ते धकारो प्रवयो नकार ।
वृषस्य सप्तमनवाशकाधिपतिश्चन्द्रस्तदीयार्गात् षष्ठमक्षर षकार-मापतति ।;वृषस्य सप्तमनवाशकाधिपतिश्चन्द्रस्तदीयार्गात् षष्ठमक्षर षकार-मापतति ।;वृषस्य सप्तमनवाशकाधिपतिश्चन्द्रस्तदीयार्गात् षष्ठमक्षर षकार- मापतति ।
सिहत्यसप्तनवाखकाधिपतिकू शुक्रस्तदीयवर्गात् प्रथममक्षरचकारमापतति।;सिहत्यसप्तनवाखकाधिपतिकू शुक्रस्तदीयवर्गात्प्रथममक्षरचकारमापतति।;सिहत्यसप्तनवाखकाधिपतिकू शुक्रस्तदीयवर्गात् प्रथममक्षरचकारमापतति।
वृश्चिकस्य सप्तमनवाशकाधिपति सौरस्तदीयवर्गात् प्रथममक्षर पकारमापतति ।;वृश्चिकस्य सप्तमनवाशकाधिपतिसौरस्तदीयवर्गात् प्रथममक्षर पकारमापतति ।;वृश्चिकस्य सप्तमनवाशकाधिपति सौरस्तदीयवर्गात् प्रथममक्षर पकारमापतति ।
